"","ID","suit_hist","crops"
"1",1,0,"pearl millet"
"2",2,0,"pearl millet"
"3",3,0,"pearl millet"
"4",4,0,"pearl millet"
"5",5,0,"pearl millet"
"6",6,0,"pearl millet"
"7",7,0,"pearl millet"
"8",8,0,"pearl millet"
"9",9,0,"pearl millet"
"10",10,0.25,"pearl millet"
"11",11,0,"pearl millet"
"12",12,0,"pearl millet"
"13",13,0,"pearl millet"
"14",14,0,"pearl millet"
"15",15,0,"pearl millet"
"16",16,0,"pearl millet"
"17",17,0,"pearl millet"
"18",18,0,"pearl millet"
"19",19,0.234375,"pearl millet"
"20",20,0,"pearl millet"
"21",21,0.25,"pearl millet"
"22",22,0,"pearl millet"
"23",23,0,"pearl millet"
"24",24,0,"pearl millet"
"25",25,0.03125,"pearl millet"
"26",26,0,"pearl millet"
"27",27,0,"pearl millet"
"28",28,0.046875,"pearl millet"
"29",29,0,"pearl millet"
"30",30,0,"pearl millet"
"31",31,0,"pearl millet"
"32",32,0,"pearl millet"
"33",33,0,"pearl millet"
"34",34,0,"pearl millet"
"35",35,0,"pearl millet"
"36",36,0,"pearl millet"
"37",37,0,"pearl millet"
"38",38,0,"pearl millet"
"39",39,0,"pearl millet"
"40",40,0.078125,"pearl millet"
"41",41,0,"pearl millet"
"42",42,0,"pearl millet"
"43",43,0,"pearl millet"
"44",44,0,"pearl millet"
"45",45,0,"pearl millet"
"46",46,0,"pearl millet"
"47",47,0,"pearl millet"
"48",48,0.171875,"pearl millet"
"49",49,0,"pearl millet"
"50",50,0,"pearl millet"
"51",51,0,"pearl millet"
"52",52,0,"pearl millet"
"53",53,0,"pearl millet"
"54",54,0.265625,"pearl millet"
"55",55,0,"pearl millet"
"56",56,0,"pearl millet"
"57",57,0,"pearl millet"
"58",58,0,"pearl millet"
"59",59,NA,"pearl millet"
"60",60,0,"pearl millet"
"61",61,0,"pearl millet"
"62",62,0,"pearl millet"
"63",63,0,"pearl millet"
"64",64,0,"pearl millet"
"65",65,0,"pearl millet"
"66",66,0,"pearl millet"
"67",67,0,"pearl millet"
"68",68,0,"pearl millet"
"69",69,0,"pearl millet"
"70",70,0,"pearl millet"
"71",71,0,"pearl millet"
"72",72,0,"pearl millet"
"73",73,0,"pearl millet"
"74",74,0.125,"pearl millet"
"75",75,0,"pearl millet"
"76",76,0,"pearl millet"
"77",77,0,"pearl millet"
"78",78,0,"pearl millet"
"79",79,0,"pearl millet"
"80",80,0,"pearl millet"
"81",81,0,"pearl millet"
"82",82,0,"pearl millet"
"83",83,0,"pearl millet"
"84",84,0,"pearl millet"
"85",85,0,"pearl millet"
"86",86,0,"pearl millet"
"87",87,0,"pearl millet"
"88",88,0,"pearl millet"
"89",89,0.078125,"pearl millet"
"90",90,0,"pearl millet"
"91",91,0.28125,"pearl millet"
"92",92,0.368000030517578,"pearl millet"
"93",93,0,"pearl millet"
"94",94,0,"pearl millet"
"95",95,0,"pearl millet"
"96",96,0,"pearl millet"
"97",97,0,"pearl millet"
"98",98,0.34375,"pearl millet"
"99",99,0.34375,"pearl millet"
"100",100,0,"pearl millet"
"101",101,0,"pearl millet"
"102",102,0,"pearl millet"
"103",103,0,"pearl millet"
"104",104,0,"pearl millet"
"105",105,0,"pearl millet"
"106",106,0,"pearl millet"
"107",107,0.25,"pearl millet"
"108",108,0.296875,"pearl millet"
"109",109,0,"pearl millet"
"110",110,0,"pearl millet"
"111",111,0,"pearl millet"
"112",112,0,"pearl millet"
"113",113,0,"pearl millet"
"114",114,0.328125,"pearl millet"
"115",115,0.125,"pearl millet"
"116",116,0.1875,"pearl millet"
"117",117,0,"pearl millet"
"118",118,0,"pearl millet"
"119",119,0,"pearl millet"
"120",120,0,"pearl millet"
"121",121,0,"pearl millet"
"122",122,0.1640625,"pearl millet"
"123",123,0.375,"pearl millet"
"124",124,0.09375,"pearl millet"
"125",125,0,"pearl millet"
"126",126,0,"pearl millet"
"127",127,0,"pearl millet"
"128",128,0.3125,"pearl millet"
"129",129,0.46875,"pearl millet"
"130",130,0.390625,"pearl millet"
"131",131,0,"pearl millet"
"132",132,0,"pearl millet"
"133",133,0,"pearl millet"
"134",134,0,"pearl millet"
"135",135,0.203125,"pearl millet"
"136",136,0.234375,"pearl millet"
"137",137,0.125,"pearl millet"
"138",138,0.03125,"pearl millet"
"139",139,0,"pearl millet"
"140",140,0.28125,"pearl millet"
"141",141,0.21875,"pearl millet"
"142",142,0.046875,"pearl millet"
"143",143,0,"pearl millet"
"144",144,0.0234375,"pearl millet"
"145",145,0.0703125,"pearl millet"
"146",146,0,"pearl millet"
"147",147,0.265625,"pearl millet"
"148",148,0.369230717420578,"pearl millet"
"149",149,0.444615423679352,"pearl millet"
"150",150,0,"pearl millet"
"151",151,0,"pearl millet"
"152",152,0,"pearl millet"
"153",153,0.46875,"pearl millet"
"154",154,0.375,"pearl millet"
"155",155,0.34375,"pearl millet"
"156",156,0.394461572170258,"pearl millet"
"157",157,0.487999975681305,"pearl millet"
"158",158,0.25,"pearl millet"
"159",159,0.03125,"pearl millet"
"160",160,0,"pearl millet"
"161",161,0,"pearl millet"
"162",162,0.664923131465912,"pearl millet"
"163",163,0.53125,"pearl millet"
"164",164,0.4375,"pearl millet"
"165",165,0.5,"pearl millet"
"166",166,0.515625,"pearl millet"
"167",167,0.3125,"pearl millet"
"168",168,0.203125,"pearl millet"
"169",169,0.046875,"pearl millet"
"170",170,0,"pearl millet"
"171",171,0.648615300655365,"pearl millet"
"172",172,0.686769187450409,"pearl millet"
"173",173,0.609375,"pearl millet"
"174",174,0.606461465358734,"pearl millet"
"175",175,0.5625,"pearl millet"
"176",176,0.53125,"pearl millet"
"177",177,0.4375,"pearl millet"
"178",178,0.446153789758682,"pearl millet"
"179",179,0.171875,"pearl millet"
"180",180,0.0625,"pearl millet"
"181",181,0,"pearl millet"
"182",182,0,"pearl millet"
"183",183,0.0078125,"pearl millet"
"184",184,0.490769177675247,"pearl millet"
"185",185,0.482769310474396,"pearl millet"
"186",186,0.547692358493805,"pearl millet"
"187",187,0.551692366600037,"pearl millet"
"188",188,0.449230790138245,"pearl millet"
"189",189,0.181230768561363,"pearl millet"
"190",190,0.269846111536026,"pearl millet"
"191",191,0.3125,"pearl millet"
"192",192,0.0625,"pearl millet"
"193",193,0,"pearl millet"
"194",194,0,"pearl millet"
"195",195,0.015625,"pearl millet"
"196",196,0,"pearl millet"
"197",197,0.522769212722778,"pearl millet"
"198",198,0.552000045776367,"pearl millet"
"199",199,0.540000021457672,"pearl millet"
"200",200,0.34246152639389,"pearl millet"
"201",201,0.346153855323792,"pearl millet"
"202",202,0.332615345716476,"pearl millet"
"203",203,0.219692304730415,"pearl millet"
"204",204,0,"pearl millet"
"205",205,0,"pearl millet"
"206",206,0.46875,"pearl millet"
"207",207,0.15625,"pearl millet"
"208",208,0.046875,"pearl millet"
"209",209,0.171875,"pearl millet"
"210",210,0.15625,"pearl millet"
"211",211,0.09375,"pearl millet"
"212",212,0.0546875,"pearl millet"
"213",213,0,"pearl millet"
"214",214,0.158461570739746,"pearl millet"
"215",215,0.375,"pearl millet"
"216",216,0.458153784275055,"pearl millet"
"217",217,0.447999954223633,"pearl millet"
"218",218,0.414153754711151,"pearl millet"
"219",219,0.396000057458878,"pearl millet"
"220",220,0.269846171140671,"pearl millet"
"221",221,0.218461543321609,"pearl millet"
"222",222,0.0839999988675117,"pearl millet"
"223",223,0,"pearl millet"
"224",224,0,"pearl millet"
"225",225,0.224615395069122,"pearl millet"
"226",226,0.234375,"pearl millet"
"227",227,0.265625,"pearl millet"
"228",228,0.134153872728348,"pearl millet"
"229",229,0.140625,"pearl millet"
"230",230,0.015625,"pearl millet"
"231",231,0.0859375,"pearl millet"
"232",232,0.09375,"pearl millet"
"233",233,0.1171875,"pearl millet"
"234",234,0,"pearl millet"
"235",235,0,"pearl millet"
"236",236,0.0510769262909889,"pearl millet"
"237",237,0.333692342042923,"pearl millet"
"238",238,0.447999954223633,"pearl millet"
"239",239,0.448923110961914,"pearl millet"
"240",240,0.431076943874359,"pearl millet"
"241",241,0.412923067808151,"pearl millet"
"242",242,0.360615372657776,"pearl millet"
"243",243,0.25,"pearl millet"
"244",244,0.182153850793839,"pearl millet"
"245",245,0.078125,"pearl millet"
"246",246,0.0769230797886848,"pearl millet"
"247",247,0.310769289731979,"pearl millet"
"248",248,0.28125,"pearl millet"
"249",249,0.046875,"pearl millet"
"250",250,0.234375,"pearl millet"
"251",251,0.140625,"pearl millet"
"252",252,0.046875,"pearl millet"
"253",253,0.125,"pearl millet"
"254",254,0.1484375,"pearl millet"
"255",255,0.140625,"pearl millet"
"256",256,0,"pearl millet"
"257",257,0,"pearl millet"
"258",258,0,"pearl millet"
"259",259,0,"pearl millet"
"260",260,0.13184617459774,"pearl millet"
"261",261,0.301076948642731,"pearl millet"
"262",262,0.429230749607086,"pearl millet"
"263",263,0.443076938390732,"pearl millet"
"264",264,0.422769248485565,"pearl millet"
"265",265,0.413846075534821,"pearl millet"
"266",266,0.418769240379333,"pearl millet"
"267",267,0.351692348718643,"pearl millet"
"268",268,0.251846134662628,"pearl millet"
"269",269,0.120615370571613,"pearl millet"
"270",270,0.121230788528919,"pearl millet"
"271",271,0.46875,"pearl millet"
"272",272,0.3125,"pearl millet"
"273",273,0.015625,"pearl millet"
"274",274,0,"pearl millet"
"275",275,0.0625,"pearl millet"
"276",276,0.15625,"pearl millet"
"277",277,0.0625,"pearl millet"
"278",278,0,"pearl millet"
"279",279,0,"pearl millet"
"280",280,0.03125,"pearl millet"
"281",281,0.140625,"pearl millet"
"282",282,0.1015625,"pearl millet"
"283",283,0,"pearl millet"
"284",284,0,"pearl millet"
"285",285,0.192000016570091,"pearl millet"
"286",286,0.307076901197433,"pearl millet"
"287",287,0.453125,"pearl millet"
"288",288,0.457230776548386,"pearl millet"
"289",289,0.43753844499588,"pearl millet"
"290",290,0.428615421056747,"pearl millet"
"291",291,0.423692256212234,"pearl millet"
"292",292,0.405538409948349,"pearl millet"
"293",293,0.328615337610245,"pearl millet"
"294",294,0.20307694375515,"pearl millet"
"295",295,0.204307660460472,"pearl millet"
"296",296,0.5,"pearl millet"
"297",297,0.359375,"pearl millet"
"298",298,0.375,"pearl millet"
"299",299,0.046875,"pearl millet"
"300",300,0.09375,"pearl millet"
"301",301,0.15625,"pearl millet"
"302",302,0.109375,"pearl millet"
"303",303,0,"pearl millet"
"304",304,0,"pearl millet"
"305",305,0,"pearl millet"
"306",306,0.567076921463013,"pearl millet"
"307",307,0.349538505077362,"pearl millet"
"308",308,0.365538537502289,"pearl millet"
"309",309,0.40800005197525,"pearl millet"
"310",310,0.464923113584518,"pearl millet"
"311",311,0.503538429737091,"pearl millet"
"312",312,0.479384630918503,"pearl millet"
"313",313,0.446769267320633,"pearl millet"
"314",314,0.425230771303177,"pearl millet"
"315",315,0.388923048973083,"pearl millet"
"316",316,0.367076873779297,"pearl millet"
"317",317,0.348000019788742,"pearl millet"
"318",318,0.323076993227005,"pearl millet"
"319",319,0.212307676672935,"pearl millet"
"320",320,0.546875,"pearl millet"
"321",321,0.34375,"pearl millet"
"322",322,0.613538444042206,"pearl millet"
"323",323,0.21875,"pearl millet"
"324",324,0.15625,"pearl millet"
"325",325,0.25,"pearl millet"
"326",326,0.421875,"pearl millet"
"327",327,0.125,"pearl millet"
"328",328,0.140625,"pearl millet"
"329",329,0.1640625,"pearl millet"
"330",330,0.685230672359467,"pearl millet"
"331",331,0.612307608127594,"pearl millet"
"332",332,0.597230792045593,"pearl millet"
"333",333,0.571538507938385,"pearl millet"
"334",334,0.552615404129028,"pearl millet"
"335",335,0.542461514472961,"pearl millet"
"336",336,0.515625,"pearl millet"
"337",337,0.464615315198898,"pearl millet"
"338",338,0.427384585142136,"pearl millet"
"339",339,0.390769213438034,"pearl millet"
"340",340,0.353846192359924,"pearl millet"
"341",341,0.316615462303162,"pearl millet"
"342",342,0.307999968528748,"pearl millet"
"343",343,0.2890625,"pearl millet"
"344",344,0.46875,"pearl millet"
"345",345,0.34375,"pearl millet"
"346",346,0.5,"pearl millet"
"347",347,0.421875,"pearl millet"
"348",348,0.171875,"pearl millet"
"349",349,0.15625,"pearl millet"
"350",350,0.328125,"pearl millet"
"351",351,0.109375,"pearl millet"
"352",352,0.1171875,"pearl millet"
"353",353,0,"pearl millet"
"354",354,0.720923066139221,"pearl millet"
"355",355,0.730461537837982,"pearl millet"
"356",356,0.673846185207367,"pearl millet"
"357",357,0.634461462497711,"pearl millet"
"358",358,0.646153807640076,"pearl millet"
"359",359,0.5703125,"pearl millet"
"360",360,0.571230828762054,"pearl millet"
"361",361,0.534461557865143,"pearl millet"
"362",362,0.4375,"pearl millet"
"363",363,0.399384707212448,"pearl millet"
"364",364,0.391076892614365,"pearl millet"
"365",365,0.355692356824875,"pearl millet"
"366",366,0.31569230556488,"pearl millet"
"367",367,0.320000022649765,"pearl millet"
"368",368,0.35846158862114,"pearl millet"
"369",369,0.46875,"pearl millet"
"370",370,0.34375,"pearl millet"
"371",371,0.59375,"pearl millet"
"372",372,0.530461549758911,"pearl millet"
"373",373,0.09375,"pearl millet"
"374",374,0.40625,"pearl millet"
"375",375,0.28125,"pearl millet"
"376",376,0.5,"pearl millet"
"377",377,0.0859375,"pearl millet"
"378",378,0.798000037670135,"pearl millet"
"379",379,0.806153833866119,"pearl millet"
"380",380,0.774769246578217,"pearl millet"
"381",381,0.750461578369141,"pearl millet"
"382",382,0.691692352294922,"pearl millet"
"383",383,0.661538481712341,"pearl millet"
"384",384,0.664923131465912,"pearl millet"
"385",385,0.629538476467133,"pearl millet"
"386",386,0.5859375,"pearl millet"
"387",387,0.512923121452332,"pearl millet"
"388",388,0.480461567640305,"pearl millet"
"389",389,0.407076895236969,"pearl millet"
"390",390,0.390153884887695,"pearl millet"
"391",391,0.348000019788742,"pearl millet"
"392",392,0.315384656190872,"pearl millet"
"393",393,0.304923057556152,"pearl millet"
"394",394,0.434153854846954,"pearl millet"
"395",395,0.46875,"pearl millet"
"396",396,0.419384598731995,"pearl millet"
"397",397,0.578125,"pearl millet"
"398",398,0.0625,"pearl millet"
"399",399,0.125,"pearl millet"
"400",400,0.21875,"pearl millet"
"401",401,0.40625,"pearl millet"
"402",402,0,"pearl millet"
"403",403,0,"pearl millet"
"404",404,0.790153801441193,"pearl millet"
"405",405,0.766769289970398,"pearl millet"
"406",406,0.767076909542084,"pearl millet"
"407",407,0.742153882980347,"pearl millet"
"408",408,0.709846198558807,"pearl millet"
"409",409,0.679384648799896,"pearl millet"
"410",410,0.663999974727631,"pearl millet"
"411",411,0.645230829715729,"pearl millet"
"412",412,0.611384630203247,"pearl millet"
"413",413,0.38984614610672,"pearl millet"
"414",414,0.463538467884064,"pearl millet"
"415",415,0.425999999046326,"pearl millet"
"416",416,0.394461572170258,"pearl millet"
"417",417,0.360615372657776,"pearl millet"
"418",418,0.309230804443359,"pearl millet"
"419",419,0.287846148014069,"pearl millet"
"420",420,0.32292303442955,"pearl millet"
"421",421,0.453125,"pearl millet"
"422",422,0.53125,"pearl millet"
"423",423,0.46875,"pearl millet"
"424",424,0.375,"pearl millet"
"425",425,0.046875,"pearl millet"
"426",426,0.0625,"pearl millet"
"427",427,0.1875,"pearl millet"
"428",428,0.453125,"pearl millet"
"429",429,0.390461564064026,"pearl millet"
"430",430,0.21875,"pearl millet"
"431",431,0.078125,"pearl millet"
"432",432,0.390625,"pearl millet"
"433",433,0.3046875,"pearl millet"
"434",434,0.1875,"pearl millet"
"435",435,0,"pearl millet"
"436",436,0,"pearl millet"
"437",437,0,"pearl millet"
"438",438,0.15625,"pearl millet"
"439",439,0.775076925754547,"pearl millet"
"440",440,0.776000082492828,"pearl millet"
"441",441,0.777230799198151,"pearl millet"
"442",442,0.764615416526794,"pearl millet"
"443",443,0.740307748317719,"pearl millet"
"444",444,0.716000020503998,"pearl millet"
"445",445,0.714769244194031,"pearl millet"
"446",446,0.65753847360611,"pearl millet"
"447",447,0.625846147537231,"pearl millet"
"448",448,0.585538446903229,"pearl millet"
"449",449,0.504922986030579,"pearl millet"
"450",450,0.406000077724457,"pearl millet"
"451",451,0.423692256212234,"pearl millet"
"452",452,0.421692341566086,"pearl millet"
"453",453,0.368769198656082,"pearl millet"
"454",454,0.339230716228485,"pearl millet"
"455",455,0.279846131801605,"pearl millet"
"456",456,0.188923105597496,"pearl millet"
"457",457,0.603384613990784,"pearl millet"
"458",458,0.5,"pearl millet"
"459",459,0.482153832912445,"pearl millet"
"460",460,0.109375,"pearl millet"
"461",461,0.09375,"pearl millet"
"462",462,0.078125,"pearl millet"
"463",463,0.25,"pearl millet"
"464",464,0.296875,"pearl millet"
"465",465,0.328125,"pearl millet"
"466",466,0.203125,"pearl millet"
"467",467,0.046875,"pearl millet"
"468",468,0.21875,"pearl millet"
"469",469,0.1875,"pearl millet"
"470",470,0.3359375,"pearl millet"
"471",471,0.1015625,"pearl millet"
"472",472,0.1875,"pearl millet"
"473",473,0,"pearl millet"
"474",474,0,"pearl millet"
"475",475,0.0390625,"pearl millet"
"476",476,0.1953125,"pearl millet"
"477",477,0.68707686662674,"pearl millet"
"478",478,0.665538489818573,"pearl millet"
"479",479,0.1015625,"pearl millet"
"480",480,0.787692308425903,"pearl millet"
"481",481,0.768923103809357,"pearl millet"
"482",482,0.755384564399719,"pearl millet"
"483",483,0.771076917648315,"pearl millet"
"484",484,0.75,"pearl millet"
"485",485,0.728615403175354,"pearl millet"
"486",486,0.692000031471252,"pearl millet"
"487",487,0.67246150970459,"pearl millet"
"488",488,0.627384603023529,"pearl millet"
"489",489,0.606153845787048,"pearl millet"
"490",490,0.513230681419373,"pearl millet"
"491",491,0.404000073671341,"pearl millet"
"492",492,0.396307736635208,"pearl millet"
"493",493,0.377846121788025,"pearl millet"
"494",494,0.358153849840164,"pearl millet"
"495",495,0.340153843164444,"pearl millet"
"496",496,0.292000025510788,"pearl millet"
"497",497,0.20338462293148,"pearl millet"
"498",498,0.445076882839203,"pearl millet"
"499",499,0.534153878688812,"pearl millet"
"500",500,0.234375,"pearl millet"
"501",501,0.09375,"pearl millet"
"502",502,0.125,"pearl millet"
"503",503,0.461846143007278,"pearl millet"
"504",504,0.392307728528976,"pearl millet"
"505",505,0.234375,"pearl millet"
"506",506,0.234375,"pearl millet"
"507",507,0,"pearl millet"
"508",508,0.125,"pearl millet"
"509",509,0.265625,"pearl millet"
"510",510,0.2109375,"pearl millet"
"511",511,0.1796875,"pearl millet"
"512",512,0.0859375,"pearl millet"
"513",513,0.1328125,"pearl millet"
"514",514,0.5546875,"pearl millet"
"515",515,0.668615341186523,"pearl millet"
"516",516,0.537538528442383,"pearl millet"
"517",517,0.620923101902008,"pearl millet"
"518",518,0.0546875,"pearl millet"
"519",519,0.770769238471985,"pearl millet"
"520",520,0.752307772636414,"pearl millet"
"521",521,0.749538481235504,"pearl millet"
"522",522,0.765384674072266,"pearl millet"
"523",523,0.75,"pearl millet"
"524",524,0.730461478233337,"pearl millet"
"525",525,0.703125,"pearl millet"
"526",526,0.671538412570953,"pearl millet"
"527",527,0.611538469791412,"pearl millet"
"528",528,0.595692276954651,"pearl millet"
"529",529,0.58323073387146,"pearl millet"
"530",530,0.410153895616531,"pearl millet"
"531",531,0.420615404844284,"pearl millet"
"532",532,0.401384562253952,"pearl millet"
"533",533,0.353538513183594,"pearl millet"
"534",534,0.329692304134369,"pearl millet"
"535",535,0.272153854370117,"pearl millet"
"536",536,0.214153870940208,"pearl millet"
"537",537,0.391692370176315,"pearl millet"
"538",538,0.508000016212463,"pearl millet"
"539",539,0.453125,"pearl millet"
"540",540,0.28125,"pearl millet"
"541",541,0.25,"pearl millet"
"542",542,0.171875,"pearl millet"
"543",543,0.460923135280609,"pearl millet"
"544",544,0.31230765581131,"pearl millet"
"545",545,0.203125,"pearl millet"
"546",546,0.203125,"pearl millet"
"547",547,0.03125,"pearl millet"
"548",548,0.03125,"pearl millet"
"549",549,0.203125,"pearl millet"
"550",550,0.534769177436829,"pearl millet"
"551",551,0.591076910495758,"pearl millet"
"552",552,0.5234375,"pearl millet"
"553",553,0.46875,"pearl millet"
"554",554,0.646153807640076,"pearl millet"
"555",555,0.542769193649292,"pearl millet"
"556",556,0.542461514472961,"pearl millet"
"557",557,0.2890625,"pearl millet"
"558",558,0,"pearl millet"
"559",559,0,"pearl millet"
"560",560,0,"pearl millet"
"561",561,0.775999963283539,"pearl millet"
"562",562,0.776307761669159,"pearl millet"
"563",563,0.776307761669159,"pearl millet"
"564",564,0.771076917648315,"pearl millet"
"565",565,0.75323075056076,"pearl millet"
"566",566,0.736000061035156,"pearl millet"
"567",567,0.722307741641998,"pearl millet"
"568",568,0.686923086643219,"pearl millet"
"569",569,0.664769232273102,"pearl millet"
"570",570,0.6484375,"pearl millet"
"571",571,0.61892306804657,"pearl millet"
"572",572,0.585384666919708,"pearl millet"
"573",573,0.49861541390419,"pearl millet"
"574",574,0.390461564064026,"pearl millet"
"575",575,0.417230755090714,"pearl millet"
"576",576,0.3828125,"pearl millet"
"577",577,0.279076904058456,"pearl millet"
"578",578,0.218461543321609,"pearl millet"
"579",579,0.210153877735138,"pearl millet"
"580",580,0.232923060655594,"pearl millet"
"581",581,0.267692267894745,"pearl millet"
"582",582,0.383230805397034,"pearl millet"
"583",583,0.40625,"pearl millet"
"584",584,0.34375,"pearl millet"
"585",585,0.25,"pearl millet"
"586",586,0.171875,"pearl millet"
"587",587,0.453125,"pearl millet"
"588",588,0.241230741143227,"pearl millet"
"589",589,0.125,"pearl millet"
"590",590,0.265625,"pearl millet"
"591",591,0.03125,"pearl millet"
"592",592,0.046875,"pearl millet"
"593",593,0,"pearl millet"
"594",594,0,"pearl millet"
"595",595,0.125,"pearl millet"
"596",596,0.340615332126617,"pearl millet"
"597",597,0.428923100233078,"pearl millet"
"598",598,0.456615447998047,"pearl millet"
"599",599,0.518769204616547,"pearl millet"
"600",600,0.609230756759644,"pearl millet"
"601",601,0.587076902389526,"pearl millet"
"602",602,0.454153805971146,"pearl millet"
"603",603,0.606153786182404,"pearl millet"
"604",604,0.1875,"pearl millet"
"605",605,0,"pearl millet"
"606",606,0,"pearl millet"
"607",607,0.7265625,"pearl millet"
"608",608,0.6640625,"pearl millet"
"609",609,0.769846081733704,"pearl millet"
"610",610,0.758769273757935,"pearl millet"
"611",611,0.752307653427124,"pearl millet"
"612",612,0.724153816699982,"pearl millet"
"613",613,0.706461548805237,"pearl millet"
"614",614,0.685384631156921,"pearl millet"
"615",615,0.655692338943481,"pearl millet"
"616",616,0.634461462497711,"pearl millet"
"617",617,0.613846123218536,"pearl millet"
"618",618,0.546875,"pearl millet"
"619",619,0.468153893947601,"pearl millet"
"620",620,0.40625,"pearl millet"
"621",621,0.389076888561249,"pearl millet"
"622",622,0.363384544849396,"pearl millet"
"623",623,0.203125,"pearl millet"
"624",624,0.1796875,"pearl millet"
"625",625,0.143999978899956,"pearl millet"
"626",626,0.210461542010307,"pearl millet"
"627",627,0.304923057556152,"pearl millet"
"628",628,0.421875,"pearl millet"
"629",629,0.421875,"pearl millet"
"630",630,0.328125,"pearl millet"
"631",631,0.296875,"pearl millet"
"632",632,0.375,"pearl millet"
"633",633,0.40625,"pearl millet"
"634",634,0.30953848361969,"pearl millet"
"635",635,0.131692305207253,"pearl millet"
"636",636,0.237846150994301,"pearl millet"
"637",637,0.0625,"pearl millet"
"638",638,0.078125,"pearl millet"
"639",639,0.171875,"pearl millet"
"640",640,0.109375,"pearl millet"
"641",641,0.046875,"pearl millet"
"642",642,0.09375,"pearl millet"
"643",643,0.015625,"pearl millet"
"644",644,0.171875,"pearl millet"
"645",645,0.172307714819908,"pearl millet"
"646",646,0.213230788707733,"pearl millet"
"647",647,0.296875,"pearl millet"
"648",648,0.449230790138245,"pearl millet"
"649",649,0.580615401268005,"pearl millet"
"650",650,0.642153799533844,"pearl millet"
"651",651,0.661230802536011,"pearl millet"
"652",652,0.265625,"pearl millet"
"653",653,0.0703125,"pearl millet"
"654",654,0,"pearl millet"
"655",655,0,"pearl millet"
"656",656,0,"pearl millet"
"657",657,0.640625,"pearl millet"
"658",658,0.6328125,"pearl millet"
"659",659,0.75,"pearl millet"
"660",660,0.751999914646149,"pearl millet"
"661",661,0.746461510658264,"pearl millet"
"662",662,0.751999974250793,"pearl millet"
"663",663,0.715076863765717,"pearl millet"
"664",664,0.673846185207367,"pearl millet"
"665",665,0.650153815746307,"pearl millet"
"666",666,0.664307713508606,"pearl millet"
"667",667,0.626769304275513,"pearl millet"
"668",668,0.574769258499146,"pearl millet"
"669",669,0.530153870582581,"pearl millet"
"670",670,0.615538477897644,"pearl millet"
"671",671,0.647384643554688,"pearl millet"
"672",672,0.531076848506927,"pearl millet"
"673",673,0.487076967954636,"pearl millet"
"674",674,0.261538445949554,"pearl millet"
"675",675,0.124000035226345,"pearl millet"
"676",676,0.185846105217934,"pearl millet"
"677",677,0.288307666778564,"pearl millet"
"678",678,0.328125,"pearl millet"
"679",679,0.421875,"pearl millet"
"680",680,0.28125,"pearl millet"
"681",681,0.296875,"pearl millet"
"682",682,0.34375,"pearl millet"
"683",683,0.324000000953674,"pearl millet"
"684",684,0.145230799913406,"pearl millet"
"685",685,0.120923116803169,"pearl millet"
"686",686,0.160923078656197,"pearl millet"
"687",687,0.140625,"pearl millet"
"688",688,0.015625,"pearl millet"
"689",689,0,"pearl millet"
"690",690,0,"pearl millet"
"691",691,0.140625,"pearl millet"
"692",692,0.21875,"pearl millet"
"693",693,0.171875,"pearl millet"
"694",694,0.1875,"pearl millet"
"695",695,0.125,"pearl millet"
"696",696,0.116923041641712,"pearl millet"
"697",697,0,"pearl millet"
"698",698,0,"pearl millet"
"699",699,0.196000024676323,"pearl millet"
"700",700,0.423384606838226,"pearl millet"
"701",701,0.582769274711609,"pearl millet"
"702",702,0.693846166133881,"pearl millet"
"703",703,0.265625,"pearl millet"
"704",704,0.125,"pearl millet"
"705",705,0.0234375,"pearl millet"
"706",706,0,"pearl millet"
"707",707,0,"pearl millet"
"708",708,0,"pearl millet"
"709",709,0.5703125,"pearl millet"
"710",710,0.758615434169769,"pearl millet"
"711",711,0.750461518764496,"pearl millet"
"712",712,0.751076936721802,"pearl millet"
"713",713,0.74707692861557,"pearl millet"
"714",714,0.742769241333008,"pearl millet"
"715",715,0.749538481235504,"pearl millet"
"716",716,0.782307684421539,"pearl millet"
"717",717,0.796875,"pearl millet"
"718",718,0.800307631492615,"pearl millet"
"719",719,0.782153785228729,"pearl millet"
"720",720,0.785230755805969,"pearl millet"
"721",721,0.784000098705292,"pearl millet"
"722",722,0.714769244194031,"pearl millet"
"723",723,0.550769209861755,"pearl millet"
"724",724,0.332615345716476,"pearl millet"
"725",725,0.25,"pearl millet"
"726",726,0.17292308807373,"pearl millet"
"727",727,0.200000032782555,"pearl millet"
"728",728,0.1796875,"pearl millet"
"729",729,0.269538462162018,"pearl millet"
"730",730,0.296875,"pearl millet"
"731",731,0.296875,"pearl millet"
"732",732,0.3125,"pearl millet"
"733",733,0.390625,"pearl millet"
"734",734,0.168307676911354,"pearl millet"
"735",735,0.0856922939419746,"pearl millet"
"736",736,0.100153811275959,"pearl millet"
"737",737,0.121846124529839,"pearl millet"
"738",738,0.15569232404232,"pearl millet"
"739",739,0.0703125,"pearl millet"
"740",740,0.1015625,"pearl millet"
"741",741,0.0546875,"pearl millet"
"742",742,0.1484375,"pearl millet"
"743",743,0.1953125,"pearl millet"
"744",744,0.296875,"pearl millet"
"745",745,0.262307673692703,"pearl millet"
"746",746,0.139076888561249,"pearl millet"
"747",747,0.104000017046928,"pearl millet"
"748",748,0.427384585142136,"pearl millet"
"749",749,0.573538422584534,"pearl millet"
"750",750,0.515625,"pearl millet"
"751",751,0.2421875,"pearl millet"
"752",752,0.0625,"pearl millet"
"753",753,0.0078125,"pearl millet"
"754",754,0,"pearl millet"
"755",755,0,"pearl millet"
"756",756,0,"pearl millet"
"757",757,0,"pearl millet"
"758",758,0,"pearl millet"
"759",759,0.6015625,"pearl millet"
"760",760,0.71875,"pearl millet"
"761",761,0.763230741024017,"pearl millet"
"762",762,0.762769281864166,"pearl millet"
"763",763,0.774153828620911,"pearl millet"
"764",764,0.797230780124664,"pearl millet"
"765",765,0.800307631492615,"pearl millet"
"766",766,0.801846146583557,"pearl millet"
"767",767,0.813230812549591,"pearl millet"
"768",768,0.807384610176086,"pearl millet"
"769",769,0.80676931142807,"pearl millet"
"770",770,0.778153777122498,"pearl millet"
"771",771,0.753846108913422,"pearl millet"
"772",772,0.660307645797729,"pearl millet"
"773",773,0.458769291639328,"pearl millet"
"774",774,0.448923110961914,"pearl millet"
"775",775,0.272307693958282,"pearl millet"
"776",776,0.238153859972954,"pearl millet"
"777",777,0.15625,"pearl millet"
"778",778,0.177076920866966,"pearl millet"
"779",779,0.296875,"pearl millet"
"780",780,0.328125,"pearl millet"
"781",781,0.386769235134125,"pearl millet"
"782",782,0.367384701967239,"pearl millet"
"783",783,0.161846160888672,"pearl millet"
"784",784,0.0695384815335274,"pearl millet"
"785",785,0.0867692530155182,"pearl millet"
"786",786,0.159692317247391,"pearl millet"
"787",787,0.1171875,"pearl millet"
"788",788,0.186153814196587,"pearl millet"
"789",789,0.1953125,"pearl millet"
"790",790,0.1640625,"pearl millet"
"791",791,0.1015625,"pearl millet"
"792",792,0.140625,"pearl millet"
"793",793,0.2421875,"pearl millet"
"794",794,0.21875,"pearl millet"
"795",795,0.0123076802119613,"pearl millet"
"796",796,0.169538497924805,"pearl millet"
"797",797,0.416307747364044,"pearl millet"
"798",798,0.624615430831909,"pearl millet"
"799",799,0.3125,"pearl millet"
"800",800,0.140625,"pearl millet"
"801",801,0.0234375,"pearl millet"
"802",802,0,"pearl millet"
"803",803,0,"pearl millet"
"804",804,0,"pearl millet"
"805",805,0,"pearl millet"
"806",806,0,"pearl millet"
"807",807,0,"pearl millet"
"808",808,0,"pearl millet"
"809",809,0,"pearl millet"
"810",810,0,"pearl millet"
"811",811,0.6015625,"pearl millet"
"812",812,0.776307642459869,"pearl millet"
"813",813,0.779846131801605,"pearl millet"
"814",814,0.81292313337326,"pearl millet"
"815",815,0.81815379858017,"pearl millet"
"816",816,0.798153817653656,"pearl millet"
"817",817,0.701538503170013,"pearl millet"
"818",818,0.680615365505219,"pearl millet"
"819",819,0.692000031471252,"pearl millet"
"820",820,0.572000086307526,"pearl millet"
"821",821,0.432615429162979,"pearl millet"
"822",822,0.351692348718643,"pearl millet"
"823",823,0.2421875,"pearl millet"
"824",824,0.160307660698891,"pearl millet"
"825",825,0.267076939344406,"pearl millet"
"826",826,0.28125,"pearl millet"
"827",827,0.28125,"pearl millet"
"828",828,0.31230765581131,"pearl millet"
"829",829,0.307692319154739,"pearl millet"
"830",830,0.213230788707733,"pearl millet"
"831",831,0.0799999982118607,"pearl millet"
"832",832,0.109375,"pearl millet"
"833",833,0.157230824232101,"pearl millet"
"834",834,0.0652307346463203,"pearl millet"
"835",835,0,"pearl millet"
"836",836,0.0572307668626308,"pearl millet"
"837",837,0.2578125,"pearl millet"
"838",838,0.239076912403107,"pearl millet"
"839",839,0.2421875,"pearl millet"
"840",840,0.28125,"pearl millet"
"841",841,0.272923111915588,"pearl millet"
"842",842,0.130615383386612,"pearl millet"
"843",843,0.260615348815918,"pearl millet"
"844",844,0.461230784654617,"pearl millet"
"845",845,0.603999972343445,"pearl millet"
"846",846,0.4140625,"pearl millet"
"847",847,0.1640625,"pearl millet"
"848",848,0.03125,"pearl millet"
"849",849,0,"pearl millet"
"850",850,0,"pearl millet"
"851",851,0,"pearl millet"
"852",852,0,"pearl millet"
"853",853,0,"pearl millet"
"854",854,0,"pearl millet"
"855",855,0,"pearl millet"
"856",856,0.766000032424927,"pearl millet"
"857",857,0.76461535692215,"pearl millet"
"858",858,0.803076982498169,"pearl millet"
"859",859,0.792923092842102,"pearl millet"
"860",860,0.750769257545471,"pearl millet"
"861",861,0.656000077724457,"pearl millet"
"862",862,0.512000024318695,"pearl millet"
"863",863,0.4765625,"pearl millet"
"864",864,0.429384678602219,"pearl millet"
"865",865,0.282923072576523,"pearl millet"
"866",866,0.198153868317604,"pearl millet"
"867",867,0.156923070549965,"pearl millet"
"868",868,0.101846180856228,"pearl millet"
"869",869,0.169230759143829,"pearl millet"
"870",870,0.260307729244232,"pearl millet"
"871",871,0.275692343711853,"pearl millet"
"872",872,0.234375,"pearl millet"
"873",873,0.1875,"pearl millet"
"874",874,0.171875,"pearl millet"
"875",875,0.125,"pearl millet"
"876",876,0.129846125841141,"pearl millet"
"877",877,0.160615414381027,"pearl millet"
"878",878,0.128923088312149,"pearl millet"
"879",879,0,"pearl millet"
"880",880,0.154461562633514,"pearl millet"
"881",881,0.2578125,"pearl millet"
"882",882,0.359375,"pearl millet"
"883",883,0.38523080945015,"pearl millet"
"884",884,0.314615398645401,"pearl millet"
"885",885,0.192615360021591,"pearl millet"
"886",886,0.044923048466444,"pearl millet"
"887",887,0.224461555480957,"pearl millet"
"888",888,0.260307669639587,"pearl millet"
"889",889,0.388000041246414,"pearl millet"
"890",890,0.502461493015289,"pearl millet"
"891",891,0.614769279956818,"pearl millet"
"892",892,0.265625,"pearl millet"
"893",893,0.125,"pearl millet"
"894",894,0.109375,"pearl millet"
"895",895,0,"pearl millet"
"896",896,0,"pearl millet"
"897",897,0,"pearl millet"
"898",898,0,"pearl millet"
"899",899,0,"pearl millet"
"900",900,0,"pearl millet"
"901",901,0,"pearl millet"
"902",902,0,"pearl millet"
"903",903,0.704307675361633,"pearl millet"
"904",904,0.777692258358002,"pearl millet"
"905",905,0.727230787277222,"pearl millet"
"906",906,0.696923017501831,"pearl millet"
"907",907,0.672307670116425,"pearl millet"
"908",908,0.635846197605133,"pearl millet"
"909",909,0.617846131324768,"pearl millet"
"910",910,0.551076889038086,"pearl millet"
"911",911,0.519384682178497,"pearl millet"
"912",912,0.448307782411575,"pearl millet"
"913",913,0.368923038244247,"pearl millet"
"914",914,0.279384613037109,"pearl millet"
"915",915,0.213538467884064,"pearl millet"
"916",916,0.179692268371582,"pearl millet"
"917",917,0.0941538438200951,"pearl millet"
"918",918,0,"pearl millet"
"919",919,0.099076934158802,"pearl millet"
"920",920,0.246461540460587,"pearl millet"
"921",921,0.234375,"pearl millet"
"922",922,0.125,"pearl millet"
"923",923,0.0625,"pearl millet"
"924",924,0.21875,"pearl millet"
"925",925,0.165846168994904,"pearl millet"
"926",926,0.171384587883949,"pearl millet"
"927",927,0.0655384808778763,"pearl millet"
"928",928,0.0636923164129257,"pearl millet"
"929",929,0.270461529493332,"pearl millet"
"930",930,0.2890625,"pearl millet"
"931",931,0.390625,"pearl millet"
"932",932,0.375846117734909,"pearl millet"
"933",933,0.340307682752609,"pearl millet"
"934",934,0.323076993227005,"pearl millet"
"935",935,0.419384598731995,"pearl millet"
"936",936,0.436923086643219,"pearl millet"
"937",937,0.456307619810104,"pearl millet"
"938",938,0.531846165657043,"pearl millet"
"939",939,0.609375,"pearl millet"
"940",940,0.1875,"pearl millet"
"941",941,0.125,"pearl millet"
"942",942,0,"pearl millet"
"943",943,0,"pearl millet"
"944",944,0,"pearl millet"
"945",945,0,"pearl millet"
"946",946,0,"pearl millet"
"947",947,0,"pearl millet"
"948",948,0,"pearl millet"
"949",949,0,"pearl millet"
"950",950,0,"pearl millet"
"951",951,0.714769244194031,"pearl millet"
"952",952,0.745230734348297,"pearl millet"
"953",953,0.763692259788513,"pearl millet"
"954",954,0.77076917886734,"pearl millet"
"955",955,0.752461552619934,"pearl millet"
"956",956,0.690769195556641,"pearl millet"
"957",957,0.671692311763763,"pearl millet"
"958",958,0.62799996137619,"pearl millet"
"959",959,0.609230756759644,"pearl millet"
"960",960,0.568923056125641,"pearl millet"
"961",961,0.575692236423492,"pearl millet"
"962",962,0.545230746269226,"pearl millet"
"963",963,0.454769283533096,"pearl millet"
"964",964,0.31261533498764,"pearl millet"
"965",965,0.215076893568039,"pearl millet"
"966",966,0.20307694375515,"pearl millet"
"967",967,0.135076895356178,"pearl millet"
"968",968,0.0320000275969505,"pearl millet"
"969",969,0,"pearl millet"
"970",970,0.12338462471962,"pearl millet"
"971",971,0.21875,"pearl millet"
"972",972,0.09375,"pearl millet"
"973",973,0.03125,"pearl millet"
"974",974,0.046875,"pearl millet"
"975",975,0.046875,"pearl millet"
"976",976,0.140625,"pearl millet"
"977",977,0.113538451492786,"pearl millet"
"978",978,0.0689230710268021,"pearl millet"
"979",979,0.0353846177458763,"pearl millet"
"980",980,0.25292307138443,"pearl millet"
"981",981,0.363076865673065,"pearl millet"
"982",982,0.425999999046326,"pearl millet"
"983",983,0.415846168994904,"pearl millet"
"984",984,0.429384589195251,"pearl millet"
"985",985,0.45399996638298,"pearl millet"
"986",986,0.483384639024734,"pearl millet"
"987",987,0.462615370750427,"pearl millet"
"988",988,0.499384671449661,"pearl millet"
"989",989,0.5703125,"pearl millet"
"990",990,0.296875,"pearl millet"
"991",991,0.1484375,"pearl millet"
"992",992,0.1015625,"pearl millet"
"993",993,0,"pearl millet"
"994",994,0.2421875,"pearl millet"
"995",995,0,"pearl millet"
"996",996,0,"pearl millet"
"997",997,0,"pearl millet"
"998",998,0,"pearl millet"
"999",999,0,"pearl millet"
"1000",1000,0,"pearl millet"
"1001",1001,0,"pearl millet"
"1002",1002,0.757846117019653,"pearl millet"
"1003",1003,0.765625,"pearl millet"
"1004",1004,0.738769233226776,"pearl millet"
"1005",1005,0.750307738780975,"pearl millet"
"1006",1006,0.732307732105255,"pearl millet"
"1007",1007,0.701230704784393,"pearl millet"
"1008",1008,0.672923028469086,"pearl millet"
"1009",1009,0.603384613990784,"pearl millet"
"1010",1010,0.546875,"pearl millet"
"1011",1011,0.502923011779785,"pearl millet"
"1012",1012,0.496615350246429,"pearl millet"
"1013",1013,0.547076880931854,"pearl millet"
"1014",1014,0.493538498878479,"pearl millet"
"1015",1015,0.459076941013336,"pearl millet"
"1016",1016,0.408307731151581,"pearl millet"
"1017",1017,0.321230828762054,"pearl millet"
"1018",1018,0.258307725191116,"pearl millet"
"1019",1019,0.201846122741699,"pearl millet"
"1020",1020,0.147076904773712,"pearl millet"
"1021",1021,0.0889230892062187,"pearl millet"
"1022",1022,0.03125,"pearl millet"
"1023",1023,0.0523077175021172,"pearl millet"
"1024",1024,0.158307701349258,"pearl millet"
"1025",1025,0.09375,"pearl millet"
"1026",1026,0.046875,"pearl millet"
"1027",1027,0.03125,"pearl millet"
"1028",1028,0.015625,"pearl millet"
"1029",1029,0.171875,"pearl millet"
"1030",1030,0.131999969482422,"pearl millet"
"1031",1031,0.0861538350582123,"pearl millet"
"1032",1032,0.259384602308273,"pearl millet"
"1033",1033,0.358769208192825,"pearl millet"
"1034",1034,0.40923073887825,"pearl millet"
"1035",1035,0.458769291639328,"pearl millet"
"1036",1036,0.53584611415863,"pearl millet"
"1037",1037,0.588769257068634,"pearl millet"
"1038",1038,0.60723078250885,"pearl millet"
"1039",1039,0.515625,"pearl millet"
"1040",1040,0.4140625,"pearl millet"
"1041",1041,0.265625,"pearl millet"
"1042",1042,0.5625,"pearl millet"
"1043",1043,0.1328125,"pearl millet"
"1044",1044,0,"pearl millet"
"1045",1045,0.2890625,"pearl millet"
"1046",1046,0.2890625,"pearl millet"
"1047",1047,0.046875,"pearl millet"
"1048",1048,0,"pearl millet"
"1049",1049,0,"pearl millet"
"1050",1050,0,"pearl millet"
"1051",1051,0,"pearl millet"
"1052",1052,0,"pearl millet"
"1053",1053,0,"pearl millet"
"1054",1054,0,"pearl millet"
"1055",1055,0,"pearl millet"
"1056",1056,0.629846155643463,"pearl millet"
"1057",1057,0.661538481712341,"pearl millet"
"1058",1058,0.760307610034943,"pearl millet"
"1059",1059,0.716461539268494,"pearl millet"
"1060",1060,0.705846190452576,"pearl millet"
"1061",1061,0.698769211769104,"pearl millet"
"1062",1062,0.683384537696838,"pearl millet"
"1063",1063,0.62246161699295,"pearl millet"
"1064",1064,0.606615364551544,"pearl millet"
"1065",1065,0.517230749130249,"pearl millet"
"1066",1066,0.508615434169769,"pearl millet"
"1067",1067,0.488307744264603,"pearl millet"
"1068",1068,0.534153878688812,"pearl millet"
"1069",1069,0.490769177675247,"pearl millet"
"1070",1070,0.46892312169075,"pearl millet"
"1071",1071,0.422461569309235,"pearl millet"
"1072",1072,0.338461518287659,"pearl millet"
"1073",1073,0.28125,"pearl millet"
"1074",1074,0.219076886773109,"pearl millet"
"1075",1075,0.176615417003632,"pearl millet"
"1076",1076,0.099076934158802,"pearl millet"
"1077",1077,0.078125,"pearl millet"
"1078",1078,0.0516923032701015,"pearl millet"
"1079",1079,0.049538467079401,"pearl millet"
"1080",1080,0.180769219994545,"pearl millet"
"1081",1081,0.1171875,"pearl millet"
"1082",1082,0.113538488745689,"pearl millet"
"1083",1083,0.015625,"pearl millet"
"1084",1084,0.046875,"pearl millet"
"1085",1085,0.10800002515316,"pearl millet"
"1086",1086,0.0556923076510429,"pearl millet"
"1087",1087,0.0652307346463203,"pearl millet"
"1088",1088,0.253538429737091,"pearl millet"
"1089",1089,0.380923062562943,"pearl millet"
"1090",1090,0.459076941013336,"pearl millet"
"1091",1091,0.513538420200348,"pearl millet"
"1092",1092,0.53125,"pearl millet"
"1093",1093,0.578125,"pearl millet"
"1094",1094,0.4140625,"pearl millet"
"1095",1095,0.25,"pearl millet"
"1096",1096,0.21875,"pearl millet"
"1097",1097,0.2734375,"pearl millet"
"1098",1098,0.1875,"pearl millet"
"1099",1099,0.1484375,"pearl millet"
"1100",1100,0.0625,"pearl millet"
"1101",1101,0.015625,"pearl millet"
"1102",1102,0.15625,"pearl millet"
"1103",1103,0.265625,"pearl millet"
"1104",1104,0,"pearl millet"
"1105",1105,0,"pearl millet"
"1106",1106,0,"pearl millet"
"1107",1107,0,"pearl millet"
"1108",1108,0,"pearl millet"
"1109",1109,0,"pearl millet"
"1110",1110,0.75599992275238,"pearl millet"
"1111",1111,0.75569224357605,"pearl millet"
"1112",1112,0.7055384516716,"pearl millet"
"1113",1113,0.71875,"pearl millet"
"1114",1114,0.721846044063568,"pearl millet"
"1115",1115,0.707692384719849,"pearl millet"
"1116",1116,0.670153856277466,"pearl millet"
"1117",1117,0.629076957702637,"pearl millet"
"1118",1118,0.586000025272369,"pearl millet"
"1119",1119,0.534769177436829,"pearl millet"
"1120",1120,0.516153872013092,"pearl millet"
"1121",1121,0.494769245386124,"pearl millet"
"1122",1122,0.5329230427742,"pearl millet"
"1123",1123,0.511076986789703,"pearl millet"
"1124",1124,0.481538474559784,"pearl millet"
"1125",1125,0.427692264318466,"pearl millet"
"1126",1126,0.363692343235016,"pearl millet"
"1127",1127,0.256615370512009,"pearl millet"
"1128",1128,0.203125,"pearl millet"
"1129",1129,0.105846181511879,"pearl millet"
"1130",1130,0.078125,"pearl millet"
"1131",1131,0.0410769172012806,"pearl millet"
"1132",1132,0.0621538162231445,"pearl millet"
"1133",1133,0.171875,"pearl millet"
"1134",1134,0.0625,"pearl millet"
"1135",1135,0.0625,"pearl millet"
"1136",1136,0.0625,"pearl millet"
"1137",1137,0.166153833270073,"pearl millet"
"1138",1138,0.0929230898618698,"pearl millet"
"1139",1139,0.069230742752552,"pearl millet"
"1140",1140,0.106153815984726,"pearl millet"
"1141",1141,0.267692267894745,"pearl millet"
"1142",1142,0.438153773546219,"pearl millet"
"1143",1143,0.4670769572258,"pearl millet"
"1144",1144,0.542307734489441,"pearl millet"
"1145",1145,0.637384533882141,"pearl millet"
"1146",1146,0.625,"pearl millet"
"1147",1147,0.2578125,"pearl millet"
"1148",1148,0.1796875,"pearl millet"
"1149",1149,0.1796875,"pearl millet"
"1150",1150,0.1875,"pearl millet"
"1151",1151,0.1796875,"pearl millet"
"1152",1152,0.15625,"pearl millet"
"1153",1153,0.078125,"pearl millet"
"1154",1154,0.03125,"pearl millet"
"1155",1155,0.140625,"pearl millet"
"1156",1156,0.25,"pearl millet"
"1157",1157,0.03125,"pearl millet"
"1158",1158,0,"pearl millet"
"1159",1159,0,"pearl millet"
"1160",1160,0,"pearl millet"
"1161",1161,0,"pearl millet"
"1162",1162,0,"pearl millet"
"1163",1163,0,"pearl millet"
"1164",1164,0,"pearl millet"
"1165",1165,0,"pearl millet"
"1166",1166,0.795384645462036,"pearl millet"
"1167",1167,0.77692312002182,"pearl millet"
"1168",1168,0.741846203804016,"pearl millet"
"1169",1169,0.734769225120544,"pearl millet"
"1170",1170,0.71384608745575,"pearl millet"
"1171",1171,0.692923009395599,"pearl millet"
"1172",1172,0.656000018119812,"pearl millet"
"1173",1173,0.598769247531891,"pearl millet"
"1174",1174,0.59375,"pearl millet"
"1175",1175,0.543692290782928,"pearl millet"
"1176",1176,0.458307713270187,"pearl millet"
"1177",1177,0.53125,"pearl millet"
"1178",1178,0.526153862476349,"pearl millet"
"1179",1179,0.524307668209076,"pearl millet"
"1180",1180,0.492615342140198,"pearl millet"
"1181",1181,0.458461463451385,"pearl millet"
"1182",1182,0.40584608912468,"pearl millet"
"1183",1183,0.3671875,"pearl millet"
"1184",1184,0.317384600639343,"pearl millet"
"1185",1185,0.269230782985687,"pearl millet"
"1186",1186,0.162153825163841,"pearl millet"
"1187",1187,0.136307716369629,"pearl millet"
"1188",1188,0.0938461720943451,"pearl millet"
"1189",1189,0.0390625,"pearl millet"
"1190",1190,0.229076936841011,"pearl millet"
"1191",1191,0.109375,"pearl millet"
"1192",1192,0.140625,"pearl millet"
"1193",1193,0.171875,"pearl millet"
"1194",1194,0.196307688951492,"pearl millet"
"1195",1195,0.120461538434029,"pearl millet"
"1196",1196,0.129846125841141,"pearl millet"
"1197",1197,0.229230776429176,"pearl millet"
"1198",1198,0.310461491346359,"pearl millet"
"1199",1199,0.429230749607086,"pearl millet"
"1200",1200,0.5078125,"pearl millet"
"1201",1201,0.551538467407227,"pearl millet"
"1202",1202,0.608769297599792,"pearl millet"
"1203",1203,0.4765625,"pearl millet"
"1204",1204,0.1875,"pearl millet"
"1205",1205,0.171875,"pearl millet"
"1206",1206,0.171875,"pearl millet"
"1207",1207,0.140625,"pearl millet"
"1208",1208,0.171875,"pearl millet"
"1209",1209,0.0859375,"pearl millet"
"1210",1210,0.0625,"pearl millet"
"1211",1211,0.109375,"pearl millet"
"1212",1212,0.09375,"pearl millet"
"1213",1213,0.109375,"pearl millet"
"1214",1214,0,"pearl millet"
"1215",1215,0,"pearl millet"
"1216",1216,0,"pearl millet"
"1217",1217,0,"pearl millet"
"1218",1218,0,"pearl millet"
"1219",1219,0,"pearl millet"
"1220",1220,0,"pearl millet"
"1221",1221,0,"pearl millet"
"1222",1222,0.791999936103821,"pearl millet"
"1223",1223,0.775384604930878,"pearl millet"
"1224",1224,0.737230718135834,"pearl millet"
"1225",1225,0.705846130847931,"pearl millet"
"1226",1226,0.664307653903961,"pearl millet"
"1227",1227,0.632615327835083,"pearl millet"
"1228",1228,0.5859375,"pearl millet"
"1229",1229,0.587538421154022,"pearl millet"
"1230",1230,0.535230755805969,"pearl millet"
"1231",1231,0.510153830051422,"pearl millet"
"1232",1232,0.517384588718414,"pearl millet"
"1233",1233,0.520923018455505,"pearl millet"
"1234",1234,0.520923018455505,"pearl millet"
"1235",1235,0.520000040531158,"pearl millet"
"1236",1236,0.4921875,"pearl millet"
"1237",1237,0.455076962709427,"pearl millet"
"1238",1238,0.40625,"pearl millet"
"1239",1239,0.363230764865875,"pearl millet"
"1240",1240,0.326153814792633,"pearl millet"
"1241",1241,0.276615351438522,"pearl millet"
"1242",1242,0.259692341089249,"pearl millet"
"1243",1243,0.220307722687721,"pearl millet"
"1244",1244,0.15625,"pearl millet"
"1245",1245,0.0950769260525703,"pearl millet"
"1246",1246,0.125,"pearl millet"
"1247",1247,0.25,"pearl millet"
"1248",1248,0.234375,"pearl millet"
"1249",1249,0.2109375,"pearl millet"
"1250",1250,0.266769260168076,"pearl millet"
"1251",1251,0.171384587883949,"pearl millet"
"1252",1252,0.179384604096413,"pearl millet"
"1253",1253,0.264307677745819,"pearl millet"
"1254",1254,0.416307747364044,"pearl millet"
"1255",1255,0.492307662963867,"pearl millet"
"1256",1256,0.512461602687836,"pearl millet"
"1257",1257,0.560769200325012,"pearl millet"
"1258",1258,0.5390625,"pearl millet"
"1259",1259,0.453125,"pearl millet"
"1260",1260,0.3359375,"pearl millet"
"1261",1261,0.1796875,"pearl millet"
"1262",1262,0.171875,"pearl millet"
"1263",1263,0.2109375,"pearl millet"
"1264",1264,0.1015625,"pearl millet"
"1265",1265,0.109375,"pearl millet"
"1266",1266,0.1484375,"pearl millet"
"1267",1267,0.2109375,"pearl millet"
"1268",1268,0.171875,"pearl millet"
"1269",1269,0.125,"pearl millet"
"1270",1270,0.015625,"pearl millet"
"1271",1271,0.046875,"pearl millet"
"1272",1272,0.015625,"pearl millet"
"1273",1273,0.015625,"pearl millet"
"1274",1274,0.015625,"pearl millet"
"1275",1275,0,"pearl millet"
"1276",1276,0,"pearl millet"
"1277",1277,0,"pearl millet"
"1278",1278,0,"pearl millet"
"1279",1279,0,"pearl millet"
"1280",1280,0.7265625,"pearl millet"
"1281",1281,0.77661544084549,"pearl millet"
"1282",1282,0.721846222877502,"pearl millet"
"1283",1283,0.677076935768127,"pearl millet"
"1284",1284,0.6547691822052,"pearl millet"
"1285",1285,0.637538492679596,"pearl millet"
"1286",1286,0.598461508750916,"pearl millet"
"1287",1287,0.56553840637207,"pearl millet"
"1288",1288,0.574461579322815,"pearl millet"
"1289",1289,0.558461546897888,"pearl millet"
"1290",1290,0.555384576320648,"pearl millet"
"1291",1291,0.541230738162994,"pearl millet"
"1292",1292,0.536923050880432,"pearl millet"
"1293",1293,0.529846131801605,"pearl millet"
"1294",1294,0.508153915405273,"pearl millet"
"1295",1295,0.4921875,"pearl millet"
"1296",1296,0.43753844499588,"pearl millet"
"1297",1297,0.3984375,"pearl millet"
"1298",1298,0.368923038244247,"pearl millet"
"1299",1299,0.334769189357758,"pearl millet"
"1300",1300,0.322461485862732,"pearl millet"
"1301",1301,0.307384639978409,"pearl millet"
"1302",1302,0.242769241333008,"pearl millet"
"1303",1303,0.164769202470779,"pearl millet"
"1304",1304,0.234461560845375,"pearl millet"
"1305",1305,0.296875,"pearl millet"
"1306",1306,0.328125,"pearl millet"
"1307",1307,0.385076969861984,"pearl millet"
"1308",1308,0.296875,"pearl millet"
"1309",1309,0.263076931238174,"pearl millet"
"1310",1310,0.344307690858841,"pearl millet"
"1311",1311,0.460923135280609,"pearl millet"
"1312",1312,0.496615350246429,"pearl millet"
"1313",1313,0.563230812549591,"pearl millet"
"1314",1314,0.40625,"pearl millet"
"1315",1315,0.3828125,"pearl millet"
"1316",1316,0.3671875,"pearl millet"
"1317",1317,0.2890625,"pearl millet"
"1318",1318,0.140625,"pearl millet"
"1319",1319,0.1328125,"pearl millet"
"1320",1320,0.1015625,"pearl millet"
"1321",1321,0.09375,"pearl millet"
"1322",1322,0.109375,"pearl millet"
"1323",1323,0.15625,"pearl millet"
"1324",1324,0.203125,"pearl millet"
"1325",1325,0.265625,"pearl millet"
"1326",1326,0.140625,"pearl millet"
"1327",1327,0.03125,"pearl millet"
"1328",1328,0.140625,"pearl millet"
"1329",1329,0.0625,"pearl millet"
"1330",1330,0.078125,"pearl millet"
"1331",1331,0.078125,"pearl millet"
"1332",1332,0.0625,"pearl millet"
"1333",1333,0,"pearl millet"
"1334",1334,0.7734375,"pearl millet"
"1335",1335,0.756923079490662,"pearl millet"
"1336",1336,0.71875,"pearl millet"
"1337",1337,0.699538469314575,"pearl millet"
"1338",1338,0.647076964378357,"pearl millet"
"1339",1339,0.647692322731018,"pearl millet"
"1340",1340,0.609375,"pearl millet"
"1341",1341,0.557538390159607,"pearl millet"
"1342",1342,0.58646160364151,"pearl millet"
"1343",1343,0.55969226360321,"pearl millet"
"1344",1344,0.548000037670135,"pearl millet"
"1345",1345,0.549230873584747,"pearl millet"
"1346",1346,0.578125,"pearl millet"
"1347",1347,0.5546875,"pearl millet"
"1348",1348,0.479384630918503,"pearl millet"
"1349",1349,0.427076935768127,"pearl millet"
"1350",1350,0.451692283153534,"pearl millet"
"1351",1351,0.4375,"pearl millet"
"1352",1352,0.40625,"pearl millet"
"1353",1353,0.386153876781464,"pearl millet"
"1354",1354,0.392615377902985,"pearl millet"
"1355",1355,0.384000033140182,"pearl millet"
"1356",1356,0.31830769777298,"pearl millet"
"1357",1357,0.286153852939606,"pearl millet"
"1358",1358,0.308461546897888,"pearl millet"
"1359",1359,0.34375,"pearl millet"
"1360",1360,0.390625,"pearl millet"
"1361",1361,0.4375,"pearl millet"
"1362",1362,0.3046875,"pearl millet"
"1363",1363,0.245230749249458,"pearl millet"
"1364",1364,0.389846205711365,"pearl millet"
"1365",1365,0.459692299365997,"pearl millet"
"1366",1366,0.534307599067688,"pearl millet"
"1367",1367,0.4609375,"pearl millet"
"1368",1368,0.296875,"pearl millet"
"1369",1369,0.3359375,"pearl millet"
"1370",1370,0.3359375,"pearl millet"
"1371",1371,0.2890625,"pearl millet"
"1372",1372,0.1796875,"pearl millet"
"1373",1373,0.125,"pearl millet"
"1374",1374,0.0546875,"pearl millet"
"1375",1375,0.125,"pearl millet"
"1376",1376,0.1171875,"pearl millet"
"1377",1377,0.1640625,"pearl millet"
"1378",1378,0.2109375,"pearl millet"
"1379",1379,0.2734375,"pearl millet"
"1380",1380,0.265625,"pearl millet"
"1381",1381,0.0625,"pearl millet"
"1382",1382,0.15625,"pearl millet"
"1383",1383,0.15625,"pearl millet"
"1384",1384,0.140625,"pearl millet"
"1385",1385,0.140625,"pearl millet"
"1386",1386,0.109375,"pearl millet"
"1387",1387,0.078125,"pearl millet"
"1388",1388,0,"pearl millet"
"1389",1389,0,"pearl millet"
"1390",1390,0.728923082351685,"pearl millet"
"1391",1391,0.72953850030899,"pearl millet"
"1392",1392,0.693538427352905,"pearl millet"
"1393",1393,0.671875,"pearl millet"
"1394",1394,0.671875,"pearl millet"
"1395",1395,0.644307732582092,"pearl millet"
"1396",1396,0.6171875,"pearl millet"
"1397",1397,0.52953839302063,"pearl millet"
"1398",1398,0.6015625,"pearl millet"
"1399",1399,0.587076902389526,"pearl millet"
"1400",1400,0.446769267320633,"pearl millet"
"1401",1401,0.478000044822693,"pearl millet"
"1402",1402,0.46875,"pearl millet"
"1403",1403,0.435692429542542,"pearl millet"
"1404",1404,0.440615445375443,"pearl millet"
"1405",1405,0.452307641506195,"pearl millet"
"1406",1406,0.390625,"pearl millet"
"1407",1407,0.375,"pearl millet"
"1408",1408,0.330769211053848,"pearl millet"
"1409",1409,0.390625,"pearl millet"
"1410",1410,0.390625,"pearl millet"
"1411",1411,0.421875,"pearl millet"
"1412",1412,0.296875,"pearl millet"
"1413",1413,0.324615329504013,"pearl millet"
"1414",1414,0.4140625,"pearl millet"
"1415",1415,0.499076902866364,"pearl millet"
"1416",1416,0.46875,"pearl millet"
"1417",1417,0.234375,"pearl millet"
"1418",1418,0.25,"pearl millet"
"1419",1419,0.28125,"pearl millet"
"1420",1420,0.4921875,"pearl millet"
"1421",1421,0.2578125,"pearl millet"
"1422",1422,0.21875,"pearl millet"
"1423",1423,0.078125,"pearl millet"
"1424",1424,0.078125,"pearl millet"
"1425",1425,0.09375,"pearl millet"
"1426",1426,0.1328125,"pearl millet"
"1427",1427,0.1875,"pearl millet"
"1428",1428,0.25,"pearl millet"
"1429",1429,0.3671875,"pearl millet"
"1430",1430,0.171875,"pearl millet"
"1431",1431,0.09375,"pearl millet"
"1432",1432,0.15625,"pearl millet"
"1433",1433,0.171875,"pearl millet"
"1434",1434,0.1875,"pearl millet"
"1435",1435,0.203125,"pearl millet"
"1436",1436,0.15625,"pearl millet"
"1437",1437,0.15625,"pearl millet"
"1438",1438,0,"pearl millet"
"1439",1439,0,"pearl millet"
"1440",1440,0,"pearl millet"
"1441",1441,0.669230759143829,"pearl millet"
"1442",1442,0.660461485385895,"pearl millet"
"1443",1443,0.649846136569977,"pearl millet"
"1444",1444,0.655230760574341,"pearl millet"
"1445",1445,0.558769226074219,"pearl millet"
"1446",1446,0.494307667016983,"pearl millet"
"1447",1447,0.486615389585495,"pearl millet"
"1448",1448,0.46461546421051,"pearl millet"
"1449",1449,0.468307644128799,"pearl millet"
"1450",1450,0.4765625,"pearl millet"
"1451",1451,0.40625,"pearl millet"
"1452",1452,0.4453125,"pearl millet"
"1453",1453,0.46875,"pearl millet"
"1454",1454,0.390625,"pearl millet"
"1455",1455,0.3515625,"pearl millet"
"1456",1456,0.371538460254669,"pearl millet"
"1457",1457,0.471846133470535,"pearl millet"
"1458",1458,0.46875,"pearl millet"
"1459",1459,0.2734375,"pearl millet"
"1460",1460,0.1640625,"pearl millet"
"1461",1461,0.1953125,"pearl millet"
"1462",1462,0.2421875,"pearl millet"
"1463",1463,0.28125,"pearl millet"
"1464",1464,0.4140625,"pearl millet"
"1465",1465,0.09375,"pearl millet"
"1466",1466,0.140625,"pearl millet"
"1467",1467,0.1640625,"pearl millet"
"1468",1468,0.1328125,"pearl millet"
"1469",1469,0.1796875,"pearl millet"
"1470",1470,0.234375,"pearl millet"
"1471",1471,0.3046875,"pearl millet"
"1472",1472,0.4375,"pearl millet"
"1473",1473,0.15625,"pearl millet"
"1474",1474,0.125,"pearl millet"
"1475",1475,0.171875,"pearl millet"
"1476",1476,0.21875,"pearl millet"
"1477",1477,0.25,"pearl millet"
"1478",1478,0.234375,"pearl millet"
"1479",1479,0.21875,"pearl millet"
"1480",1480,0.171875,"pearl millet"
"1481",1481,0,"pearl millet"
"1482",1482,0,"pearl millet"
"1483",1483,0,"pearl millet"
"1484",1484,0.1640625,"pearl millet"
"1485",1485,0.601538419723511,"pearl millet"
"1486",1486,0.600615441799164,"pearl millet"
"1487",1487,0.610769271850586,"pearl millet"
"1488",1488,0.536615371704102,"pearl millet"
"1489",1489,0.472923129796982,"pearl millet"
"1490",1490,0.495076835155487,"pearl millet"
"1491",1491,0.359375,"pearl millet"
"1492",1492,0.448461532592773,"pearl millet"
"1493",1493,0.440307676792145,"pearl millet"
"1494",1494,0.500307738780975,"pearl millet"
"1495",1495,0.546875,"pearl millet"
"1496",1496,0.171875,"pearl millet"
"1497",1497,0.1015625,"pearl millet"
"1498",1498,0.1328125,"pearl millet"
"1499",1499,0.1875,"pearl millet"
"1500",1500,0.078125,"pearl millet"
"1501",1501,0.265625,"pearl millet"
"1502",1502,0.140625,"pearl millet"
"1503",1503,0.125,"pearl millet"
"1504",1504,0.1796875,"pearl millet"
"1505",1505,0.1640625,"pearl millet"
"1506",1506,0.234375,"pearl millet"
"1507",1507,0.28125,"pearl millet"
"1508",1508,0.3359375,"pearl millet"
"1509",1509,0.4140625,"pearl millet"
"1510",1510,0.1875,"pearl millet"
"1511",1511,0.1875,"pearl millet"
"1512",1512,0.171875,"pearl millet"
"1513",1513,0.234375,"pearl millet"
"1514",1514,0.265625,"pearl millet"
"1515",1515,0.28125,"pearl millet"
"1516",1516,0.28125,"pearl millet"
"1517",1517,0,"pearl millet"
"1518",1518,0,"pearl millet"
"1519",1519,0,"pearl millet"
"1520",1520,0.171875,"pearl millet"
"1521",1521,0.1640625,"pearl millet"
"1522",1522,0.529230713844299,"pearl millet"
"1523",1523,0.6328125,"pearl millet"
"1524",1524,0.390625,"pearl millet"
"1525",1525,0.471384555101395,"pearl millet"
"1526",1526,0.40625,"pearl millet"
"1527",1527,0.28125,"pearl millet"
"1528",1528,0.0625,"pearl millet"
"1529",1529,0.0546875,"pearl millet"
"1530",1530,0.0625,"pearl millet"
"1531",1531,0.1640625,"pearl millet"
"1532",1532,0.3203125,"pearl millet"
"1533",1533,0.046875,"pearl millet"
"1534",1534,0.109375,"pearl millet"
"1535",1535,0.15625,"pearl millet"
"1536",1536,0.125,"pearl millet"
"1537",1537,0.234375,"pearl millet"
"1538",1538,0.21875,"pearl millet"
"1539",1539,0.28125,"pearl millet"
"1540",1540,0.359375,"pearl millet"
"1541",1541,0.40625,"pearl millet"
"1542",1542,0.203125,"pearl millet"
"1543",1543,0.15625,"pearl millet"
"1544",1544,0.15625,"pearl millet"
"1545",1545,0.25,"pearl millet"
"1546",1546,0.234375,"pearl millet"
"1547",1547,0.234375,"pearl millet"
"1548",1548,0.234375,"pearl millet"
"1549",1549,0.171875,"pearl millet"
"1550",1550,0,"pearl millet"
"1551",1551,0,"pearl millet"
"1552",1552,0.171875,"pearl millet"
"1553",1553,0.1875,"pearl millet"
"1554",1554,0.265625,"pearl millet"
"1555",1555,0.25,"pearl millet"
"1556",1556,0.296875,"pearl millet"
"1557",1557,0.296875,"pearl millet"
"1558",1558,0.328125,"pearl millet"
"1559",1559,0.4375,"pearl millet"
"1560",1560,0.328125,"pearl millet"
"1561",1561,0.2421875,"pearl millet"
"1562",1562,0.0234375,"pearl millet"
"1563",1563,0,"pearl millet"
"1564",1564,0.0234375,"pearl millet"
"1565",1565,0.450461447238922,"pearl millet"
"1566",1566,0.4609375,"pearl millet"
"1567",1567,0.125,"pearl millet"
"1568",1568,0.0625,"pearl millet"
"1569",1569,0.125,"pearl millet"
"1570",1570,0.171875,"pearl millet"
"1571",1571,0.125,"pearl millet"
"1572",1572,0.234375,"pearl millet"
"1573",1573,0.234375,"pearl millet"
"1574",1574,0.28125,"pearl millet"
"1575",1575,0.28125,"pearl millet"
"1576",1576,0.234375,"pearl millet"
"1577",1577,0.109375,"pearl millet"
"1578",1578,0.140625,"pearl millet"
"1579",1579,0.1875,"pearl millet"
"1580",1580,0.203125,"pearl millet"
"1581",1581,0.203125,"pearl millet"
"1582",1582,0.171875,"pearl millet"
"1583",1583,0,"pearl millet"
"1584",1584,0,"pearl millet"
"1585",1585,0.2578125,"pearl millet"
"1586",1586,0.3203125,"pearl millet"
"1587",1587,0.3515625,"pearl millet"
"1588",1588,0.3828125,"pearl millet"
"1589",1589,0.358461529016495,"pearl millet"
"1590",1590,0.531384527683258,"pearl millet"
"1591",1591,0.4453125,"pearl millet"
"1592",1592,0.203125,"pearl millet"
"1593",1593,0.40625,"pearl millet"
"1594",1594,0.265625,"pearl millet"
"1595",1595,0.1328125,"pearl millet"
"1596",1596,0,"pearl millet"
"1597",1597,0,"pearl millet"
"1598",1598,0,"pearl millet"
"1599",1599,0.0859375,"pearl millet"
"1600",1600,0.15625,"pearl millet"
"1601",1601,0.0625,"pearl millet"
"1602",1602,0.046875,"pearl millet"
"1603",1603,0.078125,"pearl millet"
"1604",1604,0.109375,"pearl millet"
"1605",1605,0.1875,"pearl millet"
"1606",1606,0.109375,"pearl millet"
"1607",1607,0.15625,"pearl millet"
"1608",1608,0.171875,"pearl millet"
"1609",1609,0.140625,"pearl millet"
"1610",1610,0.140625,"pearl millet"
"1611",1611,0.0625,"pearl millet"
"1612",1612,0.078125,"pearl millet"
"1613",1613,0.125,"pearl millet"
"1614",1614,0.125,"pearl millet"
"1615",1615,0.125,"pearl millet"
"1616",1616,0,"pearl millet"
"1617",1617,0,"pearl millet"
"1618",1618,0,"pearl millet"
"1619",1619,0,"pearl millet"
"1620",1620,0.390625,"pearl millet"
"1621",1621,0.421875,"pearl millet"
"1622",1622,0.4609375,"pearl millet"
"1623",1623,0.53125,"pearl millet"
"1624",1624,0.298153877258301,"pearl millet"
"1625",1625,0.40800005197525,"pearl millet"
"1626",1626,0.03125,"pearl millet"
"1627",1627,0.421875,"pearl millet"
"1628",1628,0.046875,"pearl millet"
"1629",1629,0,"pearl millet"
"1630",1630,0,"pearl millet"
"1631",1631,0,"pearl millet"
"1632",1632,0.046875,"pearl millet"
"1633",1633,0.3125,"pearl millet"
"1634",1634,0.1875,"pearl millet"
"1635",1635,0.472923129796982,"pearl millet"
"1636",1636,0.09375,"pearl millet"
"1637",1637,0.109375,"pearl millet"
"1638",1638,0.125,"pearl millet"
"1639",1639,0.078125,"pearl millet"
"1640",1640,0.109375,"pearl millet"
"1641",1641,0.046875,"pearl millet"
"1642",1642,0.015625,"pearl millet"
"1643",1643,0.015625,"pearl millet"
"1644",1644,0,"pearl millet"
"1645",1645,0.03125,"pearl millet"
"1646",1646,0.0625,"pearl millet"
"1647",1647,0.078125,"pearl millet"
"1648",1648,0.09375,"pearl millet"
"1649",1649,0.0625,"pearl millet"
"1650",1650,0,"pearl millet"
"1651",1651,0,"pearl millet"
"1652",1652,0.375,"pearl millet"
"1653",1653,0.4375,"pearl millet"
"1654",1654,0.609375,"pearl millet"
"1655",1655,0.6171875,"pearl millet"
"1656",1656,0.421875,"pearl millet"
"1657",1657,0.484461575746536,"pearl millet"
"1658",1658,0.457846134901047,"pearl millet"
"1659",1659,0,"pearl millet"
"1660",1660,0,"pearl millet"
"1661",1661,0.03125,"pearl millet"
"1662",1662,0.109375,"pearl millet"
"1663",1663,0.0625,"pearl millet"
"1664",1664,0.0625,"pearl millet"
"1665",1665,0.15625,"pearl millet"
"1666",1666,0.125,"pearl millet"
"1667",1667,0.03125,"pearl millet"
"1668",1668,0,"pearl millet"
"1669",1669,0,"pearl millet"
"1670",1670,0,"pearl millet"
"1671",1671,0,"pearl millet"
"1672",1672,0,"pearl millet"
"1673",1673,0,"pearl millet"
"1674",1674,0,"pearl millet"
"1675",1675,0,"pearl millet"
"1676",1676,0.015625,"pearl millet"
"1677",1677,0.03125,"pearl millet"
"1678",1678,0.03125,"pearl millet"
"1679",1679,0,"pearl millet"
"1680",1680,0.375,"pearl millet"
"1681",1681,0.6015625,"pearl millet"
"1682",1682,0.71875,"pearl millet"
"1683",1683,0.765625,"pearl millet"
"1684",1684,0.640625,"pearl millet"
"1685",1685,0.40625,"pearl millet"
"1686",1686,0.466153800487518,"pearl millet"
"1687",1687,0.25,"pearl millet"
"1688",1688,0,"pearl millet"
"1689",1689,0,"pearl millet"
"1690",1690,0.125,"pearl millet"
"1691",1691,0.450153797864914,"pearl millet"
"1692",1692,0.1875,"pearl millet"
"1693",1693,0.09375,"pearl millet"
"1694",1694,0.09375,"pearl millet"
"1695",1695,0.015625,"pearl millet"
"1696",1696,0,"pearl millet"
"1697",1697,0,"pearl millet"
"1698",1698,0,"pearl millet"
"1699",1699,0,"pearl millet"
"1700",1700,0,"pearl millet"
"1701",1701,0,"pearl millet"
"1702",1702,0,"pearl millet"
"1703",1703,0,"pearl millet"
"1704",1704,0,"pearl millet"
"1705",1705,0,"pearl millet"
"1706",1706,0,"pearl millet"
"1707",1707,0.4609375,"pearl millet"
"1708",1708,0.5546875,"pearl millet"
"1709",1709,0.6328125,"pearl millet"
"1710",1710,0.71875,"pearl millet"
"1711",1711,0.8203125,"pearl millet"
"1712",1712,0.8671875,"pearl millet"
"1713",1713,0.8046875,"pearl millet"
"1714",1714,0.90625,"pearl millet"
"1715",1715,0.765625,"pearl millet"
"1716",1716,0.5,"pearl millet"
"1717",1717,0.391692310571671,"pearl millet"
"1718",1718,0,"pearl millet"
"1719",1719,0.0234375,"pearl millet"
"1720",1720,0.1015625,"pearl millet"
"1721",1721,0.109375,"pearl millet"
"1722",1722,0.109375,"pearl millet"
"1723",1723,0.1875,"pearl millet"
"1724",1724,0.140625,"pearl millet"
"1725",1725,0.03125,"pearl millet"
"1726",1726,0,"pearl millet"
"1727",1727,0,"pearl millet"
"1728",1728,0,"pearl millet"
"1729",1729,0,"pearl millet"
"1730",1730,0,"pearl millet"
"1731",1731,0,"pearl millet"
"1732",1732,0,"pearl millet"
"1733",1733,0,"pearl millet"
"1734",1734,0,"pearl millet"
"1735",1735,0,"pearl millet"
"1736",1736,0,"pearl millet"
"1737",1737,0.03125,"pearl millet"
"1738",1738,0.3125,"pearl millet"
"1739",1739,0.5625,"pearl millet"
"1740",1740,0.671875,"pearl millet"
"1741",1741,0.7734375,"pearl millet"
"1742",1742,0.8203125,"pearl millet"
"1743",1743,0.9609375,"pearl millet"
"1744",1744,1,"pearl millet"
"1745",1745,0.9609375,"pearl millet"
"1746",1746,1,"pearl millet"
"1747",1747,0.671875,"pearl millet"
"1748",1748,0.513846158981323,"pearl millet"
"1749",1749,0.03125,"pearl millet"
"1750",1750,0.0703125,"pearl millet"
"1751",1751,0.0703125,"pearl millet"
"1752",1752,0.125,"pearl millet"
"1753",1753,0.109375,"pearl millet"
"1754",1754,0.078125,"pearl millet"
"1755",1755,0.140625,"pearl millet"
"1756",1756,0.171875,"pearl millet"
"1757",1757,0,"pearl millet"
"1758",1758,0,"pearl millet"
"1759",1759,0,"pearl millet"
"1760",1760,0,"pearl millet"
"1761",1761,0,"pearl millet"
"1762",1762,0,"pearl millet"
"1763",1763,0,"pearl millet"
"1764",1764,0,"pearl millet"
"1765",1765,0,"pearl millet"
"1766",1766,0,"pearl millet"
"1767",1767,0,"pearl millet"
"1768",1768,0,"pearl millet"
"1769",1769,0.140625,"pearl millet"
"1770",1770,0.5703125,"pearl millet"
"1771",1771,0.6875,"pearl millet"
"1772",1772,0.7734375,"pearl millet"
"1773",1773,0.90625,"pearl millet"
"1774",1774,0.859375,"pearl millet"
"1775",1775,0.96875,"pearl millet"
"1776",1776,0.96875,"pearl millet"
"1777",1777,1,"pearl millet"
"1778",1778,0.7890625,"pearl millet"
"1779",1779,0,"pearl millet"
"1780",1780,0.0703125,"pearl millet"
"1781",1781,0.0546875,"pearl millet"
"1782",1782,0.109375,"pearl millet"
"1783",1783,0.15625,"pearl millet"
"1784",1784,0.09375,"pearl millet"
"1785",1785,0.09375,"pearl millet"
"1786",1786,0.125,"pearl millet"
"1787",1787,0.078125,"pearl millet"
"1788",1788,0,"pearl millet"
"1789",1789,0,"pearl millet"
"1790",1790,0,"pearl millet"
"1791",1791,0,"pearl millet"
"1792",1792,0,"pearl millet"
"1793",1793,0,"pearl millet"
"1794",1794,0,"pearl millet"
"1795",1795,0,"pearl millet"
"1796",1796,0,"pearl millet"
"1797",1797,0,"pearl millet"
"1798",1798,0,"pearl millet"
"1799",1799,0.21875,"pearl millet"
"1800",1800,0.28125,"pearl millet"
"1801",1801,0.4140625,"pearl millet"
"1802",1802,0.9375,"pearl millet"
"1803",1803,1,"pearl millet"
"1804",1804,1,"pearl millet"
"1805",1805,0.9921875,"pearl millet"
"1806",1806,1,"pearl millet"
"1807",1807,1,"pearl millet"
"1808",1808,0,"pearl millet"
"1809",1809,0.2109375,"pearl millet"
"1810",1810,0.046875,"pearl millet"
"1811",1811,0.015625,"pearl millet"
"1812",1812,0,"pearl millet"
"1813",1813,0,"pearl millet"
"1814",1814,0,"pearl millet"
"1815",1815,0,"pearl millet"
"1816",1816,0,"pearl millet"
"1817",1817,0,"pearl millet"
"1818",1818,0,"pearl millet"
"1819",1819,0,"pearl millet"
"1820",1820,0,"pearl millet"
"1821",1821,0,"pearl millet"
"1822",1822,0,"pearl millet"
"1823",1823,0.25,"pearl millet"
"1824",1824,0.3828125,"pearl millet"
"1825",1825,0.4140625,"pearl millet"
"1826",1826,0.5546875,"pearl millet"
"1827",1827,0.78125,"pearl millet"
"1828",1828,0.9453125,"pearl millet"
"1829",1829,1,"pearl millet"
"1830",1830,1,"pearl millet"
"1831",1831,1,"pearl millet"
"1832",1832,1,"pearl millet"
"1833",1833,1,"pearl millet"
"1834",1834,1,"pearl millet"
"1835",1835,0,"pearl millet"
"1836",1836,0,"pearl millet"
"1837",1837,0,"pearl millet"
"1838",1838,0,"pearl millet"
"1839",1839,0,"pearl millet"
"1840",1840,0,"pearl millet"
"1841",1841,0,"pearl millet"
"1842",1842,0,"pearl millet"
"1843",1843,0,"pearl millet"
"1844",1844,0.296875,"pearl millet"
"1845",1845,0.390625,"pearl millet"
"1846",1846,0.7421875,"pearl millet"
"1847",1847,0.921875,"pearl millet"
"1848",1848,1,"pearl millet"
"1849",1849,1,"pearl millet"
"1850",1850,1,"pearl millet"
"1851",1851,0.390625,"pearl millet"
"1852",1852,0.4765625,"pearl millet"
"1853",1853,0,"pearl millet"
"1854",1854,0,"pearl millet"
"1855",1855,0,"pearl millet"
"1856",1856,0,"pearl millet"
"1857",1857,0,"pearl millet"
"1858",1858,0,"pearl millet"
"1859",1859,0.453125,"pearl millet"
"1860",1860,0.4609375,"pearl millet"
"1861",1861,0.65625,"pearl millet"
"1862",1862,1,"pearl millet"
"1863",1863,0.985714256763458,"pearl millet"
"1864",1864,1,"pearl millet"
"1865",1865,0.95306122303009,"pearl millet"
"1866",1866,1,"pearl millet"
"1867",1867,0.472923129796982,"pearl millet"
"1868",1868,0.015625,"pearl millet"
"1869",1869,0,"pearl millet"
"1870",1870,0,"pearl millet"
"1871",1871,0,"pearl millet"
"1872",1872,0,"pearl millet"
"1873",1873,0,"pearl millet"
"1874",1874,0.078125,"pearl millet"
"1875",1875,0.09375,"pearl millet"
"1876",1876,0.5546875,"pearl millet"
"1877",1877,0.7421875,"pearl millet"
"1878",1878,1,"pearl millet"
"1879",1879,1,"pearl millet"
"1880",1880,0.948979616165161,"pearl millet"
"1881",1881,0.942857146263123,"pearl millet"
"1882",1882,0.981632649898529,"pearl millet"
"1883",1883,0.078125,"pearl millet"
"1884",1884,0,"pearl millet"
"1885",1885,0,"pearl millet"
"1886",1886,0,"pearl millet"
"1887",1887,0,"pearl millet"
"1888",1888,0,"pearl millet"
"1889",1889,0,"pearl millet"
"1890",1890,0.1875,"pearl millet"
"1891",1891,0.171875,"pearl millet"
"1892",1892,0.5,"pearl millet"
"1893",1893,0.6015625,"pearl millet"
"1894",1894,0.6875,"pearl millet"
"1895",1895,0.9453125,"pearl millet"
"1896",1896,0.9921875,"pearl millet"
"1897",1897,0.936734676361084,"pearl millet"
"1898",1898,1,"pearl millet"
"1899",1899,NA,"pearl millet"
"1900",1900,0.296875,"pearl millet"
"1901",1901,0.109375,"pearl millet"
"1902",1902,0.25,"pearl millet"
"1903",1903,0,"pearl millet"
"1904",1904,0,"pearl millet"
"1905",1905,0,"pearl millet"
"1906",1906,0,"pearl millet"
"1907",1907,0,"pearl millet"
"1908",1908,0.8203125,"pearl millet"
"1909",1909,NA,"pearl millet"
"1910",1910,0.987755119800568,"pearl millet"
"1911",1911,0.0625,"pearl millet"
"1912",1912,0.015625,"pearl millet"
"1913",1913,0,"pearl millet"
"1914",1914,0,"pearl millet"
"1915",1915,0,"pearl millet"
"1916",1916,0,"pearl millet"
"1917",1917,0,"pearl millet"
"1918",1918,0.453125,"pearl millet"
"1919",1919,0.21875,"pearl millet"
"1920",1920,0.2890625,"pearl millet"
"1921",1921,0.3203125,"pearl millet"
"1922",1922,0.34375,"pearl millet"
"1923",1923,0.265625,"pearl millet"
"1924",1924,0.0625,"pearl millet"
"1925",1925,0,"pearl millet"
"1926",1926,0,"pearl millet"
"1927",1927,0,"pearl millet"
"1928",1928,0.03125,"pearl millet"
"1929",1929,0.6015625,"pearl millet"
"1930",1930,0.40625,"pearl millet"
"1931",1931,0.4765625,"pearl millet"
"1932",1932,0.582153916358948,"pearl millet"
"1933",1933,0.5390625,"pearl millet"
"1934",1934,0.46875,"pearl millet"
"1935",1935,0.265625,"pearl millet"
"1936",1936,0.3125,"pearl millet"
"1937",1937,0.6015625,"pearl millet"
"1938",1938,0.453125,"pearl millet"
"1939",1939,0.485384583473206,"pearl millet"
"1940",1940,0.532307684421539,"pearl millet"
"1941",1941,0.612307608127594,"pearl millet"
"1942",1942,0.421875,"pearl millet"
"1943",1943,0,"pearl millet"
"1944",1944,0.28125,"pearl millet"
"1945",1945,0.3515625,"pearl millet"
"1946",1946,0.4375,"pearl millet"
"1947",1947,0.5859375,"pearl millet"
"1948",1948,0.8359375,"pearl millet"
"1949",1949,0.484375,"pearl millet"
"1950",1950,0.47015380859375,"pearl millet"
"1951",1951,0.574461579322815,"pearl millet"
"1952",1952,0.46875,"pearl millet"
"1953",1953,0.3125,"pearl millet"
"1954",1954,0.328125,"pearl millet"
"1955",1955,0.515625,"pearl millet"
"1956",1956,0.75,"pearl millet"
"1957",1957,0.765625,"pearl millet"
"1958",1958,0.5703125,"pearl millet"
"1959",1959,0.53125,"pearl millet"
"1960",1960,0.125,"pearl millet"
"1961",1961,0,"pearl millet"
"1962",1962,0,"pearl millet"
"1963",1963,0.2890625,"pearl millet"
"1964",1964,0.3828125,"pearl millet"
"1965",1965,0.34375,"pearl millet"
"1966",1966,0.53125,"pearl millet"
"1967",1967,0.8125,"pearl millet"
"1968",1968,0.918153762817383,"pearl millet"
"1969",1969,0.59375,"pearl millet"
"1970",1970,0.46875,"pearl millet"
"1971",1971,0.1875,"pearl millet"
"1972",1972,0.2734375,"pearl millet"
"1973",1973,0.3046875,"pearl millet"
"1974",1974,0.28125,"pearl millet"
"1975",1975,0.34375,"pearl millet"
"1976",1976,0.609375,"pearl millet"
"1977",1977,0.7890625,"pearl millet"
"1978",1978,0.901230752468109,"pearl millet"
"1979",1979,0.328125,"pearl millet"
"1980",1980,0.3125,"pearl millet"
"1981",1981,0.3125,"pearl millet"
"1982",1982,0.265625,"pearl millet"
"1983",1983,0.3046875,"pearl millet"
"1984",1984,0.3125,"pearl millet"
"1985",1985,0.328125,"pearl millet"
"1986",1986,0.328125,"pearl millet"
"1987",1987,0.3125,"pearl millet"
"1988",1988,0.421875,"pearl millet"
"1989",1989,0.4453125,"pearl millet"
"1990",1990,0.875,"pearl millet"
"1991",1991,0.855384588241577,"pearl millet"
"1992",1992,0.390625,"pearl millet"
"1993",1993,0.34375,"pearl millet"
"1994",1994,0.265625,"pearl millet"
"1995",1995,0.203125,"pearl millet"
"1996",1996,0.3125,"pearl millet"
"1997",1997,0.328125,"pearl millet"
"1998",1998,0.3359375,"pearl millet"
"1999",1999,0.4296875,"pearl millet"
"2000",2000,0.6015625,"pearl millet"
"2001",2001,0.6796875,"pearl millet"
"2002",2002,0.84375,"pearl millet"
"2003",2003,0.2578125,"pearl millet"
"2004",2004,0.0625,"pearl millet"
"2005",2005,0.25,"pearl millet"
"2006",2006,0.375,"pearl millet"
"2007",2007,0.3984375,"pearl millet"
"2008",2008,0.2890625,"pearl millet"
"2009",2009,0.3046875,"pearl millet"
"2010",2010,0.3359375,"pearl millet"
"2011",2011,0.3515625,"pearl millet"
"2012",2012,0.328125,"pearl millet"
"2013",2013,0.40625,"pearl millet"
"2014",2014,0.46875,"pearl millet"
"2015",2015,0.5546875,"pearl millet"
"2016",2016,NA,"pearl millet"
"2017",2017,0.0859375,"pearl millet"
"2018",2018,0.25,"pearl millet"
"2019",2019,0.2734375,"pearl millet"
"2020",2020,0.234375,"pearl millet"
"2021",2021,0.46875,"pearl millet"
"2022",2022,0.602153778076172,"pearl millet"
"2023",2023,0.28125,"pearl millet"
"2024",2024,0.2734375,"pearl millet"
"2025",2025,0.296875,"pearl millet"
"2026",2026,0.2421875,"pearl millet"
"2027",2027,0.2578125,"pearl millet"
"2028",2028,0.2265625,"pearl millet"
"2029",2029,0.25,"pearl millet"
"2030",2030,0.34375,"pearl millet"
"2031",2031,0.375,"pearl millet"
"2032",2032,0.34375,"pearl millet"
"2033",2033,0.546875,"pearl millet"
"2034",2034,0.6484375,"pearl millet"
"2035",2035,0.578125,"pearl millet"
"2036",2036,0,"pearl millet"
"2037",2037,0.28125,"pearl millet"
"2038",2038,0.359375,"pearl millet"
"2039",2039,0.328125,"pearl millet"
"2040",2040,0.25,"pearl millet"
"2041",2041,0.2890625,"pearl millet"
"2042",2042,0.2578125,"pearl millet"
"2043",2043,0.2421875,"pearl millet"
"2044",2044,0.1875,"pearl millet"
"2045",2045,0.234375,"pearl millet"
"2046",2046,0.265625,"pearl millet"
"2047",2047,0.2421875,"pearl millet"
"2048",2048,0.2890625,"pearl millet"
"2049",2049,0.40625,"pearl millet"
"2050",2050,0.4140625,"pearl millet"
"2051",2051,0.359375,"pearl millet"
"2052",2052,0.734375,"pearl millet"
"2053",2053,0.734375,"pearl millet"
"2054",2054,NA,"pearl millet"
"2055",2055,0,"pearl millet"
"2056",2056,0.0625,"pearl millet"
"2057",2057,0.203125,"pearl millet"
"2058",2058,0.234375,"pearl millet"
"2059",2059,0.234375,"pearl millet"
"2060",2060,0.265625,"pearl millet"
"2061",2061,0.2890625,"pearl millet"
"2062",2062,0.2109375,"pearl millet"
"2063",2063,0.140625,"pearl millet"
"2064",2064,0.1640625,"pearl millet"
"2065",2065,0.21875,"pearl millet"
"2066",2066,0.265625,"pearl millet"
"2067",2067,0.3515625,"pearl millet"
"2068",2068,0.4140625,"pearl millet"
"2069",2069,0.421875,"pearl millet"
"2070",2070,0.421875,"pearl millet"
"2071",2071,0.796875,"pearl millet"
"2072",2072,0.71875,"pearl millet"
"2073",2073,0.125,"pearl millet"
"2074",2074,0.234375,"pearl millet"
"2075",2075,0.2421875,"pearl millet"
"2076",2076,0.109375,"pearl millet"
"2077",2077,0.1328125,"pearl millet"
"2078",2078,0.1953125,"pearl millet"
"2079",2079,0.171875,"pearl millet"
"2080",2080,0.28125,"pearl millet"
"2081",2081,0.34375,"pearl millet"
"2082",2082,0.421875,"pearl millet"
"2083",2083,0.53125,"pearl millet"
"2084",2084,0.421875,"pearl millet"
"2085",2085,0.84375,"pearl millet"
"2086",2086,0.625,"pearl millet"
"2087",2087,0.046875,"pearl millet"
"2088",2088,0.2421875,"pearl millet"
"2089",2089,0.265625,"pearl millet"
"2090",2090,0.09375,"pearl millet"
"2091",2091,0.171875,"pearl millet"
"2092",2092,0.1875,"pearl millet"
"2093",2093,0.1953125,"pearl millet"
"2094",2094,0.265625,"pearl millet"
"2095",2095,0.3125,"pearl millet"
"2096",2096,0.421875,"pearl millet"
"2097",2097,0.453125,"pearl millet"
"2098",2098,0.640625,"pearl millet"
"2099",2099,0.765625,"pearl millet"
"2100",2100,0.546875,"pearl millet"
"2101",2101,0.21875,"pearl millet"
"2102",2102,0.203125,"pearl millet"
"2103",2103,0.125,"pearl millet"
"2104",2104,0.1171875,"pearl millet"
"2105",2105,0.15625,"pearl millet"
"2106",2106,0.234375,"pearl millet"
"2107",2107,0.265625,"pearl millet"
"2108",2108,0.296875,"pearl millet"
"2109",2109,0.453125,"pearl millet"
"2110",2110,0.515625,"pearl millet"
"2111",2111,0.78125,"pearl millet"
"2112",2112,0.671875,"pearl millet"
"2113",2113,0.140625,"pearl millet"
"2114",2114,0.171875,"pearl millet"
"2115",2115,0.078125,"pearl millet"
"2116",2116,0.1796875,"pearl millet"
"2117",2117,0.1796875,"pearl millet"
"2118",2118,0.2421875,"pearl millet"
"2119",2119,0.28125,"pearl millet"
"2120",2120,0.28125,"pearl millet"
"2121",2121,0.5,"pearl millet"
"2122",2122,0.6875,"pearl millet"
"2123",2123,0.71875,"pearl millet"
"2124",2124,0.4609375,"pearl millet"
"2125",2125,0.1640625,"pearl millet"
"2126",2126,0.078125,"pearl millet"
"2127",2127,0.171875,"pearl millet"
"2128",2128,0.171875,"pearl millet"
"2129",2129,0.25,"pearl millet"
"2130",2130,0.25,"pearl millet"
"2131",2131,0.3125,"pearl millet"
"2132",2132,0.671875,"pearl millet"
"2133",2133,0.6875,"pearl millet"
"2134",2134,0.640625,"pearl millet"
"2135",2135,0.1875,"pearl millet"
"2136",2136,0.1875,"pearl millet"
"2137",2137,0.1796875,"pearl millet"
"2138",2138,0.203125,"pearl millet"
"2139",2139,0.265625,"pearl millet"
"2140",2140,0.40625,"pearl millet"
"2141",2141,0.640625,"pearl millet"
"2142",2142,0.671875,"pearl millet"
"2143",2143,0.21875,"pearl millet"
"2144",2144,0.171875,"pearl millet"
"2145",2145,0.125,"pearl millet"
"2146",2146,0.1875,"pearl millet"
"2147",2147,0.3125,"pearl millet"
"2148",2148,0.453125,"pearl millet"
"2149",2149,0.609375,"pearl millet"
"2150",2150,0.796875,"pearl millet"
"2151",2151,0.71875,"pearl millet"
"2152",2152,0.1484375,"pearl millet"
"2153",2153,0.296875,"pearl millet"
"2154",2154,0.265625,"pearl millet"
"2155",2155,0.34375,"pearl millet"
"2156",2156,0.375,"pearl millet"
"2157",2157,0.546875,"pearl millet"
"2158",2158,0.734375,"pearl millet"
"2159",2159,0.890625,"pearl millet"
"2160",2160,0.9375,"pearl millet"
"2161",2161,0.421875,"pearl millet"
"2162",2162,0.484375,"pearl millet"
"2163",2163,0.453125,"pearl millet"
"2164",2164,0.5,"pearl millet"
"2165",2165,0.6875,"pearl millet"
"2166",2166,0.965230822563171,"pearl millet"
"2167",2167,0.966461479663849,"pearl millet"
"2168",2168,1,"pearl millet"
"2169",2169,0.390625,"pearl millet"
"2170",2170,0.46875,"pearl millet"
"2171",2171,0.515625,"pearl millet"
"2172",2172,0.59375,"pearl millet"
"2173",2173,0.75,"pearl millet"
"2174",2174,0.982153832912445,"pearl millet"
"2175",2175,0.997959196567535,"pearl millet"
"2176",2176,NA,"pearl millet"
"2177",2177,0.53125,"pearl millet"
"2178",2178,0.53125,"pearl millet"
"2179",2179,0.640625,"pearl millet"
"2180",2180,0.78125,"pearl millet"
"2181",2181,1,"pearl millet"
"2182",2182,1,"pearl millet"
"2183",2183,0.640625,"pearl millet"
