"","ID","suit_2050s","crops"
"1",1,0,"sesame seed"
"2",2,0,"sesame seed"
"3",3,0,"sesame seed"
"4",4,0,"sesame seed"
"5",5,0,"sesame seed"
"6",6,0,"sesame seed"
"7",7,0,"sesame seed"
"8",8,0,"sesame seed"
"9",9,0,"sesame seed"
"10",10,0.0178571436554193,"sesame seed"
"11",11,0,"sesame seed"
"12",12,0,"sesame seed"
"13",13,0,"sesame seed"
"14",14,0,"sesame seed"
"15",15,0,"sesame seed"
"16",16,0,"sesame seed"
"17",17,0,"sesame seed"
"18",18,0,"sesame seed"
"19",19,0.00714288419112563,"sesame seed"
"20",20,0,"sesame seed"
"21",21,0.0892857164144516,"sesame seed"
"22",22,0,"sesame seed"
"23",23,0,"sesame seed"
"24",24,0,"sesame seed"
"25",25,0,"sesame seed"
"26",26,0,"sesame seed"
"27",27,0,"sesame seed"
"28",28,0,"sesame seed"
"29",29,0,"sesame seed"
"30",30,0,"sesame seed"
"31",31,0,"sesame seed"
"32",32,0,"sesame seed"
"33",33,0,"sesame seed"
"34",34,0,"sesame seed"
"35",35,0,"sesame seed"
"36",36,0,"sesame seed"
"37",37,0,"sesame seed"
"38",38,0,"sesame seed"
"39",39,0,"sesame seed"
"40",40,0.0366071648895741,"sesame seed"
"41",41,0,"sesame seed"
"42",42,0,"sesame seed"
"43",43,0,"sesame seed"
"44",44,0,"sesame seed"
"45",45,0,"sesame seed"
"46",46,0,"sesame seed"
"47",47,0,"sesame seed"
"48",48,0.0517857074737549,"sesame seed"
"49",49,0,"sesame seed"
"50",50,0,"sesame seed"
"51",51,0,"sesame seed"
"52",52,0,"sesame seed"
"53",53,0,"sesame seed"
"54",54,0.0946428775787354,"sesame seed"
"55",55,0,"sesame seed"
"56",56,0,"sesame seed"
"57",57,0,"sesame seed"
"58",58,0,"sesame seed"
"59",59,0.085714302957058,"sesame seed"
"60",60,0,"sesame seed"
"61",61,0,"sesame seed"
"62",62,0,"sesame seed"
"63",63,0,"sesame seed"
"64",64,0,"sesame seed"
"65",65,0,"sesame seed"
"66",66,0,"sesame seed"
"67",67,0,"sesame seed"
"68",68,0,"sesame seed"
"69",69,0,"sesame seed"
"70",70,0,"sesame seed"
"71",71,0,"sesame seed"
"72",72,0,"sesame seed"
"73",73,0,"sesame seed"
"74",74,0.0964285656809807,"sesame seed"
"75",75,0,"sesame seed"
"76",76,0,"sesame seed"
"77",77,0,"sesame seed"
"78",78,0,"sesame seed"
"79",79,0,"sesame seed"
"80",80,0,"sesame seed"
"81",81,0,"sesame seed"
"82",82,0,"sesame seed"
"83",83,0,"sesame seed"
"84",84,0,"sesame seed"
"85",85,0,"sesame seed"
"86",86,0,"sesame seed"
"87",87,0,"sesame seed"
"88",88,0,"sesame seed"
"89",89,0.136607140302658,"sesame seed"
"90",90,0,"sesame seed"
"91",91,0.33928570151329,"sesame seed"
"92",92,0.382142841815948,"sesame seed"
"93",93,0,"sesame seed"
"94",94,0,"sesame seed"
"95",95,0,"sesame seed"
"96",96,0,"sesame seed"
"97",97,0,"sesame seed"
"98",98,0.391071408987045,"sesame seed"
"99",99,0.502678573131561,"sesame seed"
"100",100,0,"sesame seed"
"101",101,0,"sesame seed"
"102",102,0,"sesame seed"
"103",103,0,"sesame seed"
"104",104,0,"sesame seed"
"105",105,0,"sesame seed"
"106",106,0,"sesame seed"
"107",107,0.257142871618271,"sesame seed"
"108",108,0.233035728335381,"sesame seed"
"109",109,0,"sesame seed"
"110",110,0,"sesame seed"
"111",111,0,"sesame seed"
"112",112,0,"sesame seed"
"113",113,0,"sesame seed"
"114",114,0.279464274644852,"sesame seed"
"115",115,0.190178602933884,"sesame seed"
"116",116,0.145535737276077,"sesame seed"
"117",117,0,"sesame seed"
"118",118,0,"sesame seed"
"119",119,0,"sesame seed"
"120",120,0,"sesame seed"
"121",121,0,"sesame seed"
"122",122,0,"sesame seed"
"123",123,0.366964310407639,"sesame seed"
"124",124,0.0589285902678967,"sesame seed"
"125",125,0,"sesame seed"
"126",126,0,"sesame seed"
"127",127,0,"sesame seed"
"128",128,0.458035707473755,"sesame seed"
"129",129,0.5625,"sesame seed"
"130",130,0.279464274644852,"sesame seed"
"131",131,0,"sesame seed"
"132",132,0,"sesame seed"
"133",133,0,"sesame seed"
"134",134,0,"sesame seed"
"135",135,0.221428602933884,"sesame seed"
"136",136,0.233035728335381,"sesame seed"
"137",137,0.200892850756645,"sesame seed"
"138",138,0.114285744726658,"sesame seed"
"139",139,0,"sesame seed"
"140",140,0.263392865657806,"sesame seed"
"141",141,0.224107161164284,"sesame seed"
"142",142,0.000892877578735352,"sesame seed"
"143",143,0,"sesame seed"
"144",144,0,"sesame seed"
"145",145,0,"sesame seed"
"146",146,0,"sesame seed"
"147",147,0.288392841815948,"sesame seed"
"148",148,0.754999995231628,"sesame seed"
"149",149,0.304464310407639,"sesame seed"
"150",150,0.0366071648895741,"sesame seed"
"151",151,0.0142857683822513,"sesame seed"
"152",152,0,"sesame seed"
"153",153,0.478571474552155,"sesame seed"
"154",154,0.422321408987045,"sesame seed"
"155",155,0.556250035762787,"sesame seed"
"156",156,0.825892865657806,"sesame seed"
"157",157,0.730000019073486,"sesame seed"
"158",158,0.283928573131561,"sesame seed"
"159",159,0.105357132852077,"sesame seed"
"160",160,0,"sesame seed"
"161",161,0,"sesame seed"
"162",162,0.665178596973419,"sesame seed"
"163",163,0.516071438789368,"sesame seed"
"164",164,0.46875,"sesame seed"
"165",165,0.560714304447174,"sesame seed"
"166",166,0.540178596973419,"sesame seed"
"167",167,0.456250011920929,"sesame seed"
"168",168,0.294642865657806,"sesame seed"
"169",169,0.127678602933884,"sesame seed"
"170",170,0,"sesame seed"
"171",171,0.904464304447174,"sesame seed"
"172",172,0.674107134342194,"sesame seed"
"173",173,0.584821403026581,"sesame seed"
"174",174,0.591964304447174,"sesame seed"
"175",175,0.616071403026581,"sesame seed"
"176",176,0.556250035762787,"sesame seed"
"177",177,0.554464280605316,"sesame seed"
"178",178,0.41071429848671,"sesame seed"
"179",179,0.134821444749832,"sesame seed"
"180",180,0.0562499947845936,"sesame seed"
"181",181,0,"sesame seed"
"182",182,0,"sesame seed"
"183",183,0,"sesame seed"
"184",184,0.974107205867767,"sesame seed"
"185",185,0.712500035762787,"sesame seed"
"186",186,0.69910717010498,"sesame seed"
"187",187,0.672321438789368,"sesame seed"
"188",188,0.735000014305115,"sesame seed"
"189",189,0.774999976158142,"sesame seed"
"190",190,0.5205357670784,"sesame seed"
"191",191,0.150000020861626,"sesame seed"
"192",192,0.0473214574158192,"sesame seed"
"193",193,0.0875000283122063,"sesame seed"
"194",194,0.0357142873108387,"sesame seed"
"195",195,0,"sesame seed"
"196",196,0,"sesame seed"
"197",197,0.804464340209961,"sesame seed"
"198",198,0.79285717010498,"sesame seed"
"199",199,0.825892865657806,"sesame seed"
"200",200,0.76500004529953,"sesame seed"
"201",201,0.830000042915344,"sesame seed"
"202",202,0.844999969005585,"sesame seed"
"203",203,0.589285731315613,"sesame seed"
"204",204,0.46000000834465,"sesame seed"
"205",205,0.485000014305115,"sesame seed"
"206",206,0.337500035762787,"sesame seed"
"207",207,0.0491071417927742,"sesame seed"
"208",208,0.136607140302658,"sesame seed"
"209",209,0.109821453690529,"sesame seed"
"210",210,0.169642850756645,"sesame seed"
"211",211,0.219642907381058,"sesame seed"
"212",212,0,"sesame seed"
"213",213,0,"sesame seed"
"214",214,0.712499976158142,"sesame seed"
"215",215,0.820000052452087,"sesame seed"
"216",216,0.79285717010498,"sesame seed"
"217",217,0.821428596973419,"sesame seed"
"218",218,0.834999978542328,"sesame seed"
"219",219,0.85535717010498,"sesame seed"
"220",220,0.732499957084656,"sesame seed"
"221",221,0.622500002384186,"sesame seed"
"222",222,0.462499976158142,"sesame seed"
"223",223,0.282499998807907,"sesame seed"
"224",224,0.395000040531158,"sesame seed"
"225",225,0.520535707473755,"sesame seed"
"226",226,0.102678574621677,"sesame seed"
"227",227,0.267857134342194,"sesame seed"
"228",228,0.223214283585548,"sesame seed"
"229",229,0.141071453690529,"sesame seed"
"230",230,0.129464283585548,"sesame seed"
"231",231,0.223214283585548,"sesame seed"
"232",232,0.267857134342194,"sesame seed"
"233",233,0.142857149243355,"sesame seed"
"234",234,0,"sesame seed"
"235",235,0,"sesame seed"
"236",236,0.479999989271164,"sesame seed"
"237",237,0.847499966621399,"sesame seed"
"238",238,0.839285731315613,"sesame seed"
"239",239,0.85999995470047,"sesame seed"
"240",240,0.824999988079071,"sesame seed"
"241",241,0.819999992847443,"sesame seed"
"242",242,0.743750035762787,"sesame seed"
"243",243,0.655000030994415,"sesame seed"
"244",244,0.472499996423721,"sesame seed"
"245",245,0.384999990463257,"sesame seed"
"246",246,0.435000002384186,"sesame seed"
"247",247,0.480357140302658,"sesame seed"
"248",248,0.0964285954833031,"sesame seed"
"249",249,0.359821408987045,"sesame seed"
"250",250,0.227678567171097,"sesame seed"
"251",251,0.0767857357859612,"sesame seed"
"252",252,0,"sesame seed"
"253",253,0.109821453690529,"sesame seed"
"254",254,0.3125,"sesame seed"
"255",255,0.27678570151329,"sesame seed"
"256",256,0,"sesame seed"
"257",257,0,"sesame seed"
"258",258,0,"sesame seed"
"259",259,0,"sesame seed"
"260",260,0.5,"sesame seed"
"261",261,0.814999997615814,"sesame seed"
"262",262,0.902678608894348,"sesame seed"
"263",263,0.87589293718338,"sesame seed"
"264",264,0.84464293718338,"sesame seed"
"265",265,0.829999983310699,"sesame seed"
"266",266,0.814999938011169,"sesame seed"
"267",267,0.695000052452087,"sesame seed"
"268",268,0.592500030994415,"sesame seed"
"269",269,0.450000017881393,"sesame seed"
"270",270,0.564999938011169,"sesame seed"
"271",271,0.321428567171097,"sesame seed"
"272",272,0.114285707473755,"sesame seed"
"273",273,0.0357142873108387,"sesame seed"
"274",274,0.181249991059303,"sesame seed"
"275",275,0.375892877578735,"sesame seed"
"276",276,0.085714302957058,"sesame seed"
"277",277,0.00267856451682746,"sesame seed"
"278",278,0,"sesame seed"
"279",279,0.0267857145518064,"sesame seed"
"280",280,0.142857149243355,"sesame seed"
"281",281,0.326785773038864,"sesame seed"
"282",282,0.0500000528991222,"sesame seed"
"283",283,0,"sesame seed"
"284",284,0,"sesame seed"
"285",285,0.587499976158142,"sesame seed"
"286",286,0.819999992847443,"sesame seed"
"287",287,0.982500016689301,"sesame seed"
"288",288,0.951785743236542,"sesame seed"
"289",289,0.840000033378601,"sesame seed"
"290",290,0.840000033378601,"sesame seed"
"291",291,0.844999969005585,"sesame seed"
"292",292,0.764999985694885,"sesame seed"
"293",293,0.71964293718338,"sesame seed"
"294",294,0.597499966621399,"sesame seed"
"295",295,0.677500009536743,"sesame seed"
"296",296,0.288392841815948,"sesame seed"
"297",297,0.212499991059303,"sesame seed"
"298",298,0.0919642820954323,"sesame seed"
"299",299,0,"sesame seed"
"300",300,0.0758928582072258,"sesame seed"
"301",301,0.398214340209961,"sesame seed"
"302",302,0.157142907381058,"sesame seed"
"303",303,0,"sesame seed"
"304",304,0,"sesame seed"
"305",305,0,"sesame seed"
"306",306,0.845000028610229,"sesame seed"
"307",307,0.725000023841858,"sesame seed"
"308",308,0.746428608894348,"sesame seed"
"309",309,0.807500004768372,"sesame seed"
"310",310,0.912500023841858,"sesame seed"
"311",311,1,"sesame seed"
"312",312,0.980000019073486,"sesame seed"
"313",313,0.883928596973419,"sesame seed"
"314",314,0.850000023841858,"sesame seed"
"315",315,0.814999938011169,"sesame seed"
"316",316,0.768750071525574,"sesame seed"
"317",317,0.623214304447174,"sesame seed"
"318",318,0.757499933242798,"sesame seed"
"319",319,0.694999992847443,"sesame seed"
"320",320,0.27678570151329,"sesame seed"
"321",321,0.23035717010498,"sesame seed"
"322",322,0.529464304447174,"sesame seed"
"323",323,0,"sesame seed"
"324",324,0,"sesame seed"
"325",325,0.261607140302658,"sesame seed"
"326",326,0.513392865657806,"sesame seed"
"327",327,0.357142865657806,"sesame seed"
"328",328,0.0767857655882835,"sesame seed"
"329",329,0,"sesame seed"
"330",330,1,"sesame seed"
"331",331,1,"sesame seed"
"332",332,1,"sesame seed"
"333",333,1,"sesame seed"
"334",334,1,"sesame seed"
"335",335,1,"sesame seed"
"336",336,1,"sesame seed"
"337",337,0.975000023841858,"sesame seed"
"338",338,0.875,"sesame seed"
"339",339,0.804999947547913,"sesame seed"
"340",340,0.734821438789368,"sesame seed"
"341",341,0.5517857670784,"sesame seed"
"342",342,0.792499959468842,"sesame seed"
"343",343,0.877499938011169,"sesame seed"
"344",344,0.252678573131561,"sesame seed"
"345",345,0.246428593993187,"sesame seed"
"346",346,0.544642865657806,"sesame seed"
"347",347,0.185714319348335,"sesame seed"
"348",348,0,"sesame seed"
"349",349,0,"sesame seed"
"350",350,0.297321408987045,"sesame seed"
"351",351,0.120535716414452,"sesame seed"
"352",352,0.0535714291036129,"sesame seed"
"353",353,0,"sesame seed"
"354",354,1,"sesame seed"
"355",355,1,"sesame seed"
"356",356,1,"sesame seed"
"357",357,1,"sesame seed"
"358",358,1,"sesame seed"
"359",359,1,"sesame seed"
"360",360,1,"sesame seed"
"361",361,1,"sesame seed"
"362",362,0.949999988079071,"sesame seed"
"363",363,0.875,"sesame seed"
"364",364,0.804999947547913,"sesame seed"
"365",365,0.754999995231628,"sesame seed"
"366",366,0.616964340209961,"sesame seed"
"367",367,0.777499973773956,"sesame seed"
"368",368,0.908928573131561,"sesame seed"
"369",369,0.299107134342194,"sesame seed"
"370",370,0.279464274644852,"sesame seed"
"371",371,0.638392865657806,"sesame seed"
"372",372,0.341964274644852,"sesame seed"
"373",373,0.00446428591385484,"sesame seed"
"374",374,0.275000005960464,"sesame seed"
"375",375,0.145535737276077,"sesame seed"
"376",376,0.810714304447174,"sesame seed"
"377",377,0.0678571984171867,"sesame seed"
"378",378,1,"sesame seed"
"379",379,1,"sesame seed"
"380",380,1,"sesame seed"
"381",381,1,"sesame seed"
"382",382,1,"sesame seed"
"383",383,1,"sesame seed"
"384",384,1,"sesame seed"
"385",385,1,"sesame seed"
"386",386,1,"sesame seed"
"387",387,1,"sesame seed"
"388",388,0.939999938011169,"sesame seed"
"389",389,0.880357205867767,"sesame seed"
"390",390,0.799999952316284,"sesame seed"
"391",391,0.740000009536743,"sesame seed"
"392",392,0.7080357670784,"sesame seed"
"393",393,0.759999990463257,"sesame seed"
"394",394,0.66785717010498,"sesame seed"
"395",395,0.466964304447174,"sesame seed"
"396",396,0.962499976158142,"sesame seed"
"397",397,0.42232146859169,"sesame seed"
"398",398,0.0669642835855484,"sesame seed"
"399",399,0.157142877578735,"sesame seed"
"400",400,0.33928570151329,"sesame seed"
"401",401,0.29732146859169,"sesame seed"
"402",402,0,"sesame seed"
"403",403,0,"sesame seed"
"404",404,1,"sesame seed"
"405",405,1,"sesame seed"
"406",406,1,"sesame seed"
"407",407,1,"sesame seed"
"408",408,1,"sesame seed"
"409",409,1,"sesame seed"
"410",410,1,"sesame seed"
"411",411,1,"sesame seed"
"412",412,1,"sesame seed"
"413",413,0.932499945163727,"sesame seed"
"414",414,0.962500035762787,"sesame seed"
"415",415,0.904999971389771,"sesame seed"
"416",416,0.804999947547913,"sesame seed"
"417",417,0.730000019073486,"sesame seed"
"418",418,0.748214304447174,"sesame seed"
"419",419,0.725000023841858,"sesame seed"
"420",420,0.7392857670784,"sesame seed"
"421",421,0.37053570151329,"sesame seed"
"422",422,0.59375,"sesame seed"
"423",423,0.919642865657806,"sesame seed"
"424",424,0.304464310407639,"sesame seed"
"425",425,0.00446428591385484,"sesame seed"
"426",426,0.103571452200413,"sesame seed"
"427",427,0.279464274644852,"sesame seed"
"428",428,0.37946429848671,"sesame seed"
"429",429,0.275000035762787,"sesame seed"
"430",430,0.129464283585548,"sesame seed"
"431",431,0.160714283585548,"sesame seed"
"432",432,0.295535743236542,"sesame seed"
"433",433,0.282142907381058,"sesame seed"
"434",434,0.241071432828903,"sesame seed"
"435",435,0.148214340209961,"sesame seed"
"436",436,0.116071425378323,"sesame seed"
"437",437,0.27678570151329,"sesame seed"
"438",438,0.571428596973419,"sesame seed"
"439",439,1,"sesame seed"
"440",440,1,"sesame seed"
"441",441,1,"sesame seed"
"442",442,1,"sesame seed"
"443",443,1,"sesame seed"
"444",444,1,"sesame seed"
"445",445,1,"sesame seed"
"446",446,1,"sesame seed"
"447",447,1,"sesame seed"
"448",448,1,"sesame seed"
"449",449,0.917500019073486,"sesame seed"
"450",450,0.927500009536743,"sesame seed"
"451",451,0.930000007152557,"sesame seed"
"452",452,0.828571438789368,"sesame seed"
"453",453,0.826785743236542,"sesame seed"
"454",454,0.807500004768372,"sesame seed"
"455",455,0.697499990463257,"sesame seed"
"456",456,0.707499980926514,"sesame seed"
"457",457,0.533928573131561,"sesame seed"
"458",458,0.589285731315613,"sesame seed"
"459",459,0.884821474552155,"sesame seed"
"460",460,0.0205357410013676,"sesame seed"
"461",461,0.0678571611642838,"sesame seed"
"462",462,0.147321432828903,"sesame seed"
"463",463,0.400000035762787,"sesame seed"
"464",464,0.303571432828903,"sesame seed"
"465",465,0.215178593993187,"sesame seed"
"466",466,0.123214282095432,"sesame seed"
"467",467,0.34821429848671,"sesame seed"
"468",468,0.0964285656809807,"sesame seed"
"469",469,0.232142850756645,"sesame seed"
"470",470,0.291071474552155,"sesame seed"
"471",471,0.214285716414452,"sesame seed"
"472",472,0.192857190966606,"sesame seed"
"473",473,0,"sesame seed"
"474",474,0.0625,"sesame seed"
"475",475,0.428571432828903,"sesame seed"
"476",476,0.660714268684387,"sesame seed"
"477",477,0.926829278469086,"sesame seed"
"478",478,0.826016306877136,"sesame seed"
"479",479,0.3125,"sesame seed"
"480",480,1,"sesame seed"
"481",481,1,"sesame seed"
"482",482,1,"sesame seed"
"483",483,1,"sesame seed"
"484",484,1,"sesame seed"
"485",485,1,"sesame seed"
"486",486,1,"sesame seed"
"487",487,1,"sesame seed"
"488",488,1,"sesame seed"
"489",489,1,"sesame seed"
"490",490,0.945000052452087,"sesame seed"
"491",491,0.879999995231628,"sesame seed"
"492",492,0.884999990463257,"sesame seed"
"493",493,0.870000004768372,"sesame seed"
"494",494,0.837499976158142,"sesame seed"
"495",495,0.805000007152557,"sesame seed"
"496",496,0.712499976158142,"sesame seed"
"497",497,0.582500040531158,"sesame seed"
"498",498,0.759821474552155,"sesame seed"
"499",499,0.777678608894348,"sesame seed"
"500",500,0.134821444749832,"sesame seed"
"501",501,0.118749991059303,"sesame seed"
"502",502,0.304464310407639,"sesame seed"
"503",503,0.48482146859169,"sesame seed"
"504",504,0.275000005960464,"sesame seed"
"505",505,0.196428567171097,"sesame seed"
"506",506,0.134821444749832,"sesame seed"
"507",507,0.0294643137603998,"sesame seed"
"508",508,0,"sesame seed"
"509",509,0.255357205867767,"sesame seed"
"510",510,0.255357205867767,"sesame seed"
"511",511,0.380357205867767,"sesame seed"
"512",512,0.273214340209961,"sesame seed"
"513",513,0.508928596973419,"sesame seed"
"514",514,0.862500071525574,"sesame seed"
"515",515,0.787398397922516,"sesame seed"
"516",516,0.563821196556091,"sesame seed"
"517",517,0.850406527519226,"sesame seed"
"518",518,0.267857134342194,"sesame seed"
"519",519,1,"sesame seed"
"520",520,1,"sesame seed"
"521",521,1,"sesame seed"
"522",522,1,"sesame seed"
"523",523,1,"sesame seed"
"524",524,1,"sesame seed"
"525",525,1,"sesame seed"
"526",526,1,"sesame seed"
"527",527,1,"sesame seed"
"528",528,1,"sesame seed"
"529",529,0.965000033378601,"sesame seed"
"530",530,0.895000040531158,"sesame seed"
"531",531,0.877499997615814,"sesame seed"
"532",532,0.860000014305115,"sesame seed"
"533",533,0.814999997615814,"sesame seed"
"534",534,0.795000016689301,"sesame seed"
"535",535,0.704999983310699,"sesame seed"
"536",536,0.622500002384186,"sesame seed"
"537",537,0.830357134342194,"sesame seed"
"538",538,0.775000035762787,"sesame seed"
"539",539,0.397321432828903,"sesame seed"
"540",540,0.261607140302658,"sesame seed"
"541",541,0.214285716414452,"sesame seed"
"542",542,0.435714304447174,"sesame seed"
"543",543,0.569642901420593,"sesame seed"
"544",544,0.37946429848671,"sesame seed"
"545",545,0.109821453690529,"sesame seed"
"546",546,0.0517857410013676,"sesame seed"
"547",547,0,"sesame seed"
"548",548,0,"sesame seed"
"549",549,0.169642850756645,"sesame seed"
"550",550,0.630357205867767,"sesame seed"
"551",551,0.633928596973419,"sesame seed"
"552",552,0.675000071525574,"sesame seed"
"553",553,0.853571474552155,"sesame seed"
"554",554,0.847561001777649,"sesame seed"
"555",555,0.743902444839478,"sesame seed"
"556",556,0.463414639234543,"sesame seed"
"557",557,0.9375,"sesame seed"
"558",558,0.0767857655882835,"sesame seed"
"559",559,0,"sesame seed"
"560",560,0,"sesame seed"
"561",561,1,"sesame seed"
"562",562,1,"sesame seed"
"563",563,1,"sesame seed"
"564",564,1,"sesame seed"
"565",565,1,"sesame seed"
"566",566,1,"sesame seed"
"567",567,1,"sesame seed"
"568",568,1,"sesame seed"
"569",569,1,"sesame seed"
"570",570,1,"sesame seed"
"571",571,1,"sesame seed"
"572",572,1,"sesame seed"
"573",573,0.894999980926514,"sesame seed"
"574",574,0.879999995231628,"sesame seed"
"575",575,0.894999980926514,"sesame seed"
"576",576,0.834999978542328,"sesame seed"
"577",577,0.737500011920929,"sesame seed"
"578",578,0.667500019073486,"sesame seed"
"579",579,0.625,"sesame seed"
"580",580,0.76500004529953,"sesame seed"
"581",581,0.887500047683716,"sesame seed"
"582",582,0.8017857670784,"sesame seed"
"583",583,0.458035737276077,"sesame seed"
"584",584,0.368750005960464,"sesame seed"
"585",585,0.270535707473755,"sesame seed"
"586",586,0.408928602933884,"sesame seed"
"587",587,0.609821438789368,"sesame seed"
"588",588,0.279464274644852,"sesame seed"
"589",589,0,"sesame seed"
"590",590,0.0589285902678967,"sesame seed"
"591",591,0,"sesame seed"
"592",592,0,"sesame seed"
"593",593,0.111607141792774,"sesame seed"
"594",594,0.123214282095432,"sesame seed"
"595",595,0.150000020861626,"sesame seed"
"596",596,0.648214280605316,"sesame seed"
"597",597,0.964999973773956,"sesame seed"
"598",598,1,"sesame seed"
"599",599,0.974390268325806,"sesame seed"
"600",600,0.924796760082245,"sesame seed"
"601",601,1,"sesame seed"
"602",602,0.48170730471611,"sesame seed"
"603",603,0.543496012687683,"sesame seed"
"604",604,0.442857205867767,"sesame seed"
"605",605,0,"sesame seed"
"606",606,0,"sesame seed"
"607",607,1,"sesame seed"
"608",608,1,"sesame seed"
"609",609,1,"sesame seed"
"610",610,1,"sesame seed"
"611",611,1,"sesame seed"
"612",612,1,"sesame seed"
"613",613,1,"sesame seed"
"614",614,1,"sesame seed"
"615",615,1,"sesame seed"
"616",616,1,"sesame seed"
"617",617,1,"sesame seed"
"618",618,1,"sesame seed"
"619",619,0.922321438789368,"sesame seed"
"620",620,0.860000014305115,"sesame seed"
"621",621,0.872500002384186,"sesame seed"
"622",622,0.807500004768372,"sesame seed"
"623",623,0.637499988079071,"sesame seed"
"624",624,0.595000028610229,"sesame seed"
"625",625,0.574999988079071,"sesame seed"
"626",626,0.625,"sesame seed"
"627",627,0.762499988079071,"sesame seed"
"628",628,0.759821474552155,"sesame seed"
"629",629,0.616964340209961,"sesame seed"
"630",630,0.462500035762787,"sesame seed"
"631",631,0.44910717010498,"sesame seed"
"632",632,0.575892865657806,"sesame seed"
"633",633,0.6767857670784,"sesame seed"
"634",634,0.469642877578735,"sesame seed"
"635",635,0.219642877578735,"sesame seed"
"636",636,0.09375,"sesame seed"
"637",637,0,"sesame seed"
"638",638,0,"sesame seed"
"639",639,0.0633928775787354,"sesame seed"
"640",640,0.100892849266529,"sesame seed"
"641",641,0.147321432828903,"sesame seed"
"642",642,0.185714319348335,"sesame seed"
"643",643,0.272321432828903,"sesame seed"
"644",644,0.102678574621677,"sesame seed"
"645",645,0.328571408987045,"sesame seed"
"646",646,0.672321438789368,"sesame seed"
"647",647,0.862500071525574,"sesame seed"
"648",648,1,"sesame seed"
"649",649,0.90714293718338,"sesame seed"
"650",650,1,"sesame seed"
"651",651,0.842276453971863,"sesame seed"
"652",652,1,"sesame seed"
"653",653,0.116071425378323,"sesame seed"
"654",654,0,"sesame seed"
"655",655,0,"sesame seed"
"656",656,0,"sesame seed"
"657",657,1,"sesame seed"
"658",658,1,"sesame seed"
"659",659,1,"sesame seed"
"660",660,1,"sesame seed"
"661",661,1,"sesame seed"
"662",662,1,"sesame seed"
"663",663,1,"sesame seed"
"664",664,1,"sesame seed"
"665",665,1,"sesame seed"
"666",666,1,"sesame seed"
"667",667,1,"sesame seed"
"668",668,1,"sesame seed"
"669",669,0.977500021457672,"sesame seed"
"670",670,1,"sesame seed"
"671",671,1,"sesame seed"
"672",672,0.920000016689301,"sesame seed"
"673",673,0.839999973773956,"sesame seed"
"674",674,0.607500016689301,"sesame seed"
"675",675,0.529999971389771,"sesame seed"
"676",676,0.627499997615814,"sesame seed"
"677",677,0.801785707473755,"sesame seed"
"678",678,0.591964304447174,"sesame seed"
"679",679,0.57410717010498,"sesame seed"
"680",680,0.440178573131561,"sesame seed"
"681",681,0.572321474552155,"sesame seed"
"682",682,0.609821438789368,"sesame seed"
"683",683,0.551785707473755,"sesame seed"
"684",684,0.483035773038864,"sesame seed"
"685",685,0.484999984502792,"sesame seed"
"686",686,0.241964340209961,"sesame seed"
"687",687,0,"sesame seed"
"688",688,0,"sesame seed"
"689",689,0,"sesame seed"
"690",690,0,"sesame seed"
"691",691,0.0232143402099609,"sesame seed"
"692",692,0.029464278370142,"sesame seed"
"693",693,0.0919642820954323,"sesame seed"
"694",694,0.267857134342194,"sesame seed"
"695",695,0.383928567171097,"sesame seed"
"696",696,0.499999970197678,"sesame seed"
"697",697,0.409999996423721,"sesame seed"
"698",698,0.455000013113022,"sesame seed"
"699",699,0.710000038146973,"sesame seed"
"700",700,0.931707382202148,"sesame seed"
"701",701,1,"sesame seed"
"702",702,0.993902444839478,"sesame seed"
"703",703,1,"sesame seed"
"704",704,0.294642865657806,"sesame seed"
"705",705,0,"sesame seed"
"706",706,0,"sesame seed"
"707",707,0,"sesame seed"
"708",708,0,"sesame seed"
"709",709,0.916071474552155,"sesame seed"
"710",710,1,"sesame seed"
"711",711,1,"sesame seed"
"712",712,1,"sesame seed"
"713",713,1,"sesame seed"
"714",714,1,"sesame seed"
"715",715,1,"sesame seed"
"716",716,1,"sesame seed"
"717",717,1,"sesame seed"
"718",718,1,"sesame seed"
"719",719,1,"sesame seed"
"720",720,1,"sesame seed"
"721",721,1,"sesame seed"
"722",722,1,"sesame seed"
"723",723,1,"sesame seed"
"724",724,0.79749995470047,"sesame seed"
"725",725,0.607500016689301,"sesame seed"
"726",726,0.572499990463257,"sesame seed"
"727",727,0.610000014305115,"sesame seed"
"728",728,0.670000016689301,"sesame seed"
"729",729,0.603571474552155,"sesame seed"
"730",730,0.558035731315613,"sesame seed"
"731",731,0.482142865657806,"sesame seed"
"732",732,0.587499976158142,"sesame seed"
"733",733,0.733035743236542,"sesame seed"
"734",734,0.570000052452087,"sesame seed"
"735",735,0.540000021457672,"sesame seed"
"736",736,0.474999994039536,"sesame seed"
"737",737,0.337500035762787,"sesame seed"
"738",738,0.0741071701049805,"sesame seed"
"739",739,0,"sesame seed"
"740",740,0,"sesame seed"
"741",741,0.121428623795509,"sesame seed"
"742",742,0.130357190966606,"sesame seed"
"743",743,0.116071425378323,"sesame seed"
"744",744,0.130357190966606,"sesame seed"
"745",745,0.426785707473755,"sesame seed"
"746",746,0.514999985694885,"sesame seed"
"747",747,0.629999995231628,"sesame seed"
"748",748,0.865853667259216,"sesame seed"
"749",749,1,"sesame seed"
"750",750,1,"sesame seed"
"751",751,0.642857134342194,"sesame seed"
"752",752,0.0446428582072258,"sesame seed"
"753",753,0,"sesame seed"
"754",754,0,"sesame seed"
"755",755,0,"sesame seed"
"756",756,0,"sesame seed"
"757",757,0,"sesame seed"
"758",758,0,"sesame seed"
"759",759,0.925000071525574,"sesame seed"
"760",760,0.942857205867767,"sesame seed"
"761",761,1,"sesame seed"
"762",762,1,"sesame seed"
"763",763,1,"sesame seed"
"764",764,1,"sesame seed"
"765",765,1,"sesame seed"
"766",766,1,"sesame seed"
"767",767,1,"sesame seed"
"768",768,1,"sesame seed"
"769",769,1,"sesame seed"
"770",770,1,"sesame seed"
"771",771,1,"sesame seed"
"772",772,1,"sesame seed"
"773",773,0.867499947547913,"sesame seed"
"774",774,0.805000007152557,"sesame seed"
"775",775,0.657500028610229,"sesame seed"
"776",776,0.652500033378601,"sesame seed"
"777",777,0.507499992847443,"sesame seed"
"778",778,0.741071403026581,"sesame seed"
"779",779,0.533928573131561,"sesame seed"
"780",780,0.578571438789368,"sesame seed"
"781",781,0.694642901420593,"sesame seed"
"782",782,0.723214268684387,"sesame seed"
"783",783,0.564999997615814,"sesame seed"
"784",784,0.469999998807907,"sesame seed"
"785",785,0.425000041723251,"sesame seed"
"786",786,0.395535737276077,"sesame seed"
"787",787,0.565178573131561,"sesame seed"
"788",788,0.142857149243355,"sesame seed"
"789",789,0.201785773038864,"sesame seed"
"790",790,0.196428567171097,"sesame seed"
"791",791,0.196428567171097,"sesame seed"
"792",792,0.210714340209961,"sesame seed"
"793",793,0.303571432828903,"sesame seed"
"794",794,0.53214293718338,"sesame seed"
"795",795,0.319999992847443,"sesame seed"
"796",796,0.635000050067902,"sesame seed"
"797",797,0.858536660671234,"sesame seed"
"798",798,1,"sesame seed"
"799",799,0.951785743236542,"sesame seed"
"800",800,0.107142858207226,"sesame seed"
"801",801,0,"sesame seed"
"802",802,0,"sesame seed"
"803",803,0,"sesame seed"
"804",804,0,"sesame seed"
"805",805,0,"sesame seed"
"806",806,0,"sesame seed"
"807",807,0,"sesame seed"
"808",808,0,"sesame seed"
"809",809,0,"sesame seed"
"810",810,0,"sesame seed"
"811",811,0.942857205867767,"sesame seed"
"812",812,1,"sesame seed"
"813",813,1,"sesame seed"
"814",814,1,"sesame seed"
"815",815,1,"sesame seed"
"816",816,1,"sesame seed"
"817",817,1,"sesame seed"
"818",818,1,"sesame seed"
"819",819,1,"sesame seed"
"820",820,1,"sesame seed"
"821",821,0.894999980926514,"sesame seed"
"822",822,0.785000026226044,"sesame seed"
"823",823,0.649999976158142,"sesame seed"
"824",824,0.594999969005585,"sesame seed"
"825",825,0.788392901420593,"sesame seed"
"826",826,0.523214280605316,"sesame seed"
"827",827,0.556250035762787,"sesame seed"
"828",828,0.558928608894348,"sesame seed"
"829",829,0.569642901420593,"sesame seed"
"830",830,0.615000009536743,"sesame seed"
"831",831,0.462500035762787,"sesame seed"
"832",832,0.32410717010498,"sesame seed"
"833",833,0.335714310407639,"sesame seed"
"834",834,0.424999952316284,"sesame seed"
"835",835,0.409999996423721,"sesame seed"
"836",836,0.558928608894348,"sesame seed"
"837",837,0.366071432828903,"sesame seed"
"838",838,0.258928567171097,"sesame seed"
"839",839,0.33928570151329,"sesame seed"
"840",840,0.544642865657806,"sesame seed"
"841",841,0.664999961853027,"sesame seed"
"842",842,0.544999957084656,"sesame seed"
"843",843,0.743750035762787,"sesame seed"
"844",844,0.9126016497612,"sesame seed"
"845",845,1,"sesame seed"
"846",846,0.737500071525574,"sesame seed"
"847",847,0.0982142835855484,"sesame seed"
"848",848,0,"sesame seed"
"849",849,0,"sesame seed"
"850",850,0,"sesame seed"
"851",851,0,"sesame seed"
"852",852,0,"sesame seed"
"853",853,0,"sesame seed"
"854",854,0,"sesame seed"
"855",855,0,"sesame seed"
"856",856,1,"sesame seed"
"857",857,1,"sesame seed"
"858",858,1,"sesame seed"
"859",859,1,"sesame seed"
"860",860,1,"sesame seed"
"861",861,1,"sesame seed"
"862",862,1,"sesame seed"
"863",863,1,"sesame seed"
"864",864,0.89000004529953,"sesame seed"
"865",865,0.705000042915344,"sesame seed"
"866",866,0.610000014305115,"sesame seed"
"867",867,0.529999971389771,"sesame seed"
"868",868,0.519999980926514,"sesame seed"
"869",869,0.649999976158142,"sesame seed"
"870",870,0.65625,"sesame seed"
"871",871,0.5625,"sesame seed"
"872",872,0.45357146859169,"sesame seed"
"873",873,0.395535737276077,"sesame seed"
"874",874,0.458035707473755,"sesame seed"
"875",875,0.550000011920929,"sesame seed"
"876",876,0.246428593993187,"sesame seed"
"877",877,0.321428567171097,"sesame seed"
"878",878,0.394999980926514,"sesame seed"
"879",879,0.365000009536743,"sesame seed"
"880",880,0.665000081062317,"sesame seed"
"881",881,0.407142907381058,"sesame seed"
"882",882,0.375,"sesame seed"
"883",883,0.544642865657806,"sesame seed"
"884",884,0.75,"sesame seed"
"885",885,0.524999976158142,"sesame seed"
"886",886,0.385000050067902,"sesame seed"
"887",887,0.590000033378601,"sesame seed"
"888",888,0.705000042915344,"sesame seed"
"889",889,0.852500021457672,"sesame seed"
"890",890,0.934959352016449,"sesame seed"
"891",891,1,"sesame seed"
"892",892,0.576785743236542,"sesame seed"
"893",893,0,"sesame seed"
"894",894,0,"sesame seed"
"895",895,0,"sesame seed"
"896",896,0,"sesame seed"
"897",897,0,"sesame seed"
"898",898,0,"sesame seed"
"899",899,0,"sesame seed"
"900",900,0,"sesame seed"
"901",901,0,"sesame seed"
"902",902,0,"sesame seed"
"903",903,1,"sesame seed"
"904",904,1,"sesame seed"
"905",905,1,"sesame seed"
"906",906,1,"sesame seed"
"907",907,1,"sesame seed"
"908",908,1,"sesame seed"
"909",909,1,"sesame seed"
"910",910,1,"sesame seed"
"911",911,0.964999973773956,"sesame seed"
"912",912,0.915000021457672,"sesame seed"
"913",913,0.792499959468842,"sesame seed"
"914",914,0.660000026226044,"sesame seed"
"915",915,0.600000023841858,"sesame seed"
"916",916,0.545000076293945,"sesame seed"
"917",917,0.402500003576279,"sesame seed"
"918",918,0.409999966621399,"sesame seed"
"919",919,0.592500030994415,"sesame seed"
"920",920,0.558035731315613,"sesame seed"
"921",921,0.315178573131561,"sesame seed"
"922",922,0.203571453690529,"sesame seed"
"923",923,0.145535707473755,"sesame seed"
"924",924,0.442857176065445,"sesame seed"
"925",925,0.299107134342194,"sesame seed"
"926",926,0.45357146859169,"sesame seed"
"927",927,0.430000007152557,"sesame seed"
"928",928,0.572499990463257,"sesame seed"
"929",929,0.740000009536743,"sesame seed"
"930",930,0.420535743236542,"sesame seed"
"931",931,0.65625,"sesame seed"
"932",932,0.814999997615814,"sesame seed"
"933",933,0.714999973773956,"sesame seed"
"934",934,0.745000004768372,"sesame seed"
"935",935,0.844999969005585,"sesame seed"
"936",936,0.882499992847443,"sesame seed"
"937",937,0.95250004529953,"sesame seed"
"938",938,1,"sesame seed"
"939",939,0.982142865657806,"sesame seed"
"940",940,0.241071432828903,"sesame seed"
"941",941,0,"sesame seed"
"942",942,0,"sesame seed"
"943",943,0,"sesame seed"
"944",944,0,"sesame seed"
"945",945,0,"sesame seed"
"946",946,0,"sesame seed"
"947",947,0,"sesame seed"
"948",948,0,"sesame seed"
"949",949,0,"sesame seed"
"950",950,0,"sesame seed"
"951",951,1,"sesame seed"
"952",952,1,"sesame seed"
"953",953,1,"sesame seed"
"954",954,1,"sesame seed"
"955",955,1,"sesame seed"
"956",956,1,"sesame seed"
"957",957,1,"sesame seed"
"958",958,1,"sesame seed"
"959",959,1,"sesame seed"
"960",960,1,"sesame seed"
"961",961,1,"sesame seed"
"962",962,0.991071403026581,"sesame seed"
"963",963,0.889999985694885,"sesame seed"
"964",964,0.680000007152557,"sesame seed"
"965",965,0.629999995231628,"sesame seed"
"966",966,0.577499985694885,"sesame seed"
"967",967,0.455000013113022,"sesame seed"
"968",968,0.33928570151329,"sesame seed"
"969",969,0.374999970197678,"sesame seed"
"970",970,0.554464340209961,"sesame seed"
"971",971,0.303571432828903,"sesame seed"
"972",972,0.148214310407639,"sesame seed"
"973",973,0.0589285902678967,"sesame seed"
"974",974,0.0562500283122063,"sesame seed"
"975",975,0.134821444749832,"sesame seed"
"976",976,0.547321438789368,"sesame seed"
"977",977,0.429999977350235,"sesame seed"
"978",978,0.354999959468842,"sesame seed"
"979",979,0.542500019073486,"sesame seed"
"980",980,0.719999969005585,"sesame seed"
"981",981,0.801785707473755,"sesame seed"
"982",982,0.939999997615814,"sesame seed"
"983",983,0.905000030994415,"sesame seed"
"984",984,0.907499969005585,"sesame seed"
"985",985,0.947500050067902,"sesame seed"
"986",986,0.927642345428467,"sesame seed"
"987",987,0.96964293718338,"sesame seed"
"988",988,1,"sesame seed"
"989",989,1,"sesame seed"
"990",990,0.826785743236542,"sesame seed"
"991",991,0.0892857164144516,"sesame seed"
"992",992,0,"sesame seed"
"993",993,0,"sesame seed"
"994",994,0.0187500212341547,"sesame seed"
"995",995,0,"sesame seed"
"996",996,0,"sesame seed"
"997",997,0,"sesame seed"
"998",998,0,"sesame seed"
"999",999,0,"sesame seed"
"1000",1000,0,"sesame seed"
"1001",1001,0,"sesame seed"
"1002",1002,1,"sesame seed"
"1003",1003,1,"sesame seed"
"1004",1004,1,"sesame seed"
"1005",1005,1,"sesame seed"
"1006",1006,1,"sesame seed"
"1007",1007,1,"sesame seed"
"1008",1008,1,"sesame seed"
"1009",1009,1,"sesame seed"
"1010",1010,1,"sesame seed"
"1011",1011,0.980000019073486,"sesame seed"
"1012",1012,1,"sesame seed"
"1013",1013,1,"sesame seed"
"1014",1014,0.962499976158142,"sesame seed"
"1015",1015,0.894999980926514,"sesame seed"
"1016",1016,0.820000052452087,"sesame seed"
"1017",1017,0.690178573131561,"sesame seed"
"1018",1018,0.655000030994415,"sesame seed"
"1019",1019,0.579999983310699,"sesame seed"
"1020",1020,0.507500052452087,"sesame seed"
"1021",1021,0.410000026226044,"sesame seed"
"1022",1022,0.344999998807907,"sesame seed"
"1023",1023,0.479999989271164,"sesame seed"
"1024",1024,0.32857146859169,"sesame seed"
"1025",1025,0.0562500283122063,"sesame seed"
"1026",1026,0.00535716349259019,"sesame seed"
"1027",1027,0,"sesame seed"
"1028",1028,0,"sesame seed"
"1029",1029,0.350892871618271,"sesame seed"
"1030",1030,0.494999945163727,"sesame seed"
"1031",1031,0.439999967813492,"sesame seed"
"1032",1032,0.758928596973419,"sesame seed"
"1033",1033,0.875,"sesame seed"
"1034",1034,0.9375,"sesame seed"
"1035",1035,0.980000019073486,"sesame seed"
"1036",1036,1,"sesame seed"
"1037",1037,0.901785731315613,"sesame seed"
"1038",1038,0.6875,"sesame seed"
"1039",1039,0.755357205867767,"sesame seed"
"1040",1040,0.875,"sesame seed"
"1041",1041,0.625,"sesame seed"
"1042",1042,0.755357205867767,"sesame seed"
"1043",1043,0,"sesame seed"
"1044",1044,0,"sesame seed"
"1045",1045,0.451785773038864,"sesame seed"
"1046",1046,0.25,"sesame seed"
"1047",1047,0.0607143118977547,"sesame seed"
"1048",1048,0.029464278370142,"sesame seed"
"1049",1049,0,"sesame seed"
"1050",1050,0,"sesame seed"
"1051",1051,0,"sesame seed"
"1052",1052,0,"sesame seed"
"1053",1053,0,"sesame seed"
"1054",1054,0,"sesame seed"
"1055",1055,0,"sesame seed"
"1056",1056,1,"sesame seed"
"1057",1057,1,"sesame seed"
"1058",1058,1,"sesame seed"
"1059",1059,1,"sesame seed"
"1060",1060,1,"sesame seed"
"1061",1061,1,"sesame seed"
"1062",1062,1,"sesame seed"
"1063",1063,1,"sesame seed"
"1064",1064,1,"sesame seed"
"1065",1065,0.944999992847443,"sesame seed"
"1066",1066,0.935000061988831,"sesame seed"
"1067",1067,0.957499980926514,"sesame seed"
"1068",1068,0.992500007152557,"sesame seed"
"1069",1069,0.9375,"sesame seed"
"1070",1070,0.912500023841858,"sesame seed"
"1071",1071,0.840000033378601,"sesame seed"
"1072",1072,0.712500035762787,"sesame seed"
"1073",1073,0.675000011920929,"sesame seed"
"1074",1074,0.634999990463257,"sesame seed"
"1075",1075,0.535000026226044,"sesame seed"
"1076",1076,0.444999992847443,"sesame seed"
"1077",1077,0.400000035762787,"sesame seed"
"1078",1078,0.394999980926514,"sesame seed"
"1079",1079,0.456250041723251,"sesame seed"
"1080",1080,0.203571423888206,"sesame seed"
"1081",1081,0.393750011920929,"sesame seed"
"1082",1082,0.100892886519432,"sesame seed"
"1083",1083,0,"sesame seed"
"1084",1084,0.263392865657806,"sesame seed"
"1085",1085,0.514999985694885,"sesame seed"
"1086",1086,0.415000021457672,"sesame seed"
"1087",1087,0.550000011920929,"sesame seed"
"1088",1088,0.769999980926514,"sesame seed"
"1089",1089,0.879999995231628,"sesame seed"
"1090",1090,0.974999964237213,"sesame seed"
"1091",1091,1,"sesame seed"
"1092",1092,0.782142877578735,"sesame seed"
"1093",1093,0.544642865657806,"sesame seed"
"1094",1094,0.651785731315613,"sesame seed"
"1095",1095,0.75,"sesame seed"
"1096",1096,0.589285731315613,"sesame seed"
"1097",1097,0.603571474552155,"sesame seed"
"1098",1098,0.603571474552155,"sesame seed"
"1099",1099,0,"sesame seed"
"1100",1100,0,"sesame seed"
"1101",1101,0.0276785921305418,"sesame seed"
"1102",1102,0.130357161164284,"sesame seed"
"1103",1103,0.133928567171097,"sesame seed"
"1104",1104,0.0696428492665291,"sesame seed"
"1105",1105,0,"sesame seed"
"1106",1106,0,"sesame seed"
"1107",1107,0,"sesame seed"
"1108",1108,0,"sesame seed"
"1109",1109,0,"sesame seed"
"1110",1110,1,"sesame seed"
"1111",1111,1,"sesame seed"
"1112",1112,1,"sesame seed"
"1113",1113,1,"sesame seed"
"1114",1114,1,"sesame seed"
"1115",1115,1,"sesame seed"
"1116",1116,1,"sesame seed"
"1117",1117,1,"sesame seed"
"1118",1118,1,"sesame seed"
"1119",1119,0.979999959468842,"sesame seed"
"1120",1120,0.960000038146973,"sesame seed"
"1121",1121,0.947499990463257,"sesame seed"
"1122",1122,1,"sesame seed"
"1123",1123,0.962500035762787,"sesame seed"
"1124",1124,0.924999952316284,"sesame seed"
"1125",1125,0.860000014305115,"sesame seed"
"1126",1126,0.75089293718338,"sesame seed"
"1127",1127,0.644999980926514,"sesame seed"
"1128",1128,0.570000052452087,"sesame seed"
"1129",1129,0.447500020265579,"sesame seed"
"1130",1130,0.402500003576279,"sesame seed"
"1131",1131,0.369999974966049,"sesame seed"
"1132",1132,0.514999985694885,"sesame seed"
"1133",1133,0.38660717010498,"sesame seed"
"1134",1134,0.0678571611642838,"sesame seed"
"1135",1135,0,"sesame seed"
"1136",1136,0.103571452200413,"sesame seed"
"1137",1137,0.519999980926514,"sesame seed"
"1138",1138,0.480000019073486,"sesame seed"
"1139",1139,0.395000010728836,"sesame seed"
"1140",1140,0.564999997615814,"sesame seed"
"1141",1141,0.764227628707886,"sesame seed"
"1142",1142,0.839430868625641,"sesame seed"
"1143",1143,0.970325231552124,"sesame seed"
"1144",1144,0.978571474552155,"sesame seed"
"1145",1145,0.757142841815948,"sesame seed"
"1146",1146,0.553571403026581,"sesame seed"
"1147",1147,0.621428608894348,"sesame seed"
"1148",1148,0.576785743236542,"sesame seed"
"1149",1149,0.33928570151329,"sesame seed"
"1150",1150,0.40178570151329,"sesame seed"
"1151",1151,0.1875,"sesame seed"
"1152",1152,0.0589286275207996,"sesame seed"
"1153",1153,0,"sesame seed"
"1154",1154,0.0116071701049805,"sesame seed"
"1155",1155,0.114285707473755,"sesame seed"
"1156",1156,0.154464319348335,"sesame seed"
"1157",1157,0.0874999910593033,"sesame seed"
"1158",1158,0.0607142858207226,"sesame seed"
"1159",1159,0.0178571436554193,"sesame seed"
"1160",1160,0.0142857432365417,"sesame seed"
"1161",1161,0.0223214291036129,"sesame seed"
"1162",1162,0.00714288419112563,"sesame seed"
"1163",1163,0,"sesame seed"
"1164",1164,0,"sesame seed"
"1165",1165,0,"sesame seed"
"1166",1166,1,"sesame seed"
"1167",1167,1,"sesame seed"
"1168",1168,1,"sesame seed"
"1169",1169,1,"sesame seed"
"1170",1170,1,"sesame seed"
"1171",1171,1,"sesame seed"
"1172",1172,1,"sesame seed"
"1173",1173,1,"sesame seed"
"1174",1174,1,"sesame seed"
"1175",1175,0.989999949932098,"sesame seed"
"1176",1176,0.914999961853027,"sesame seed"
"1177",1177,0.992499947547913,"sesame seed"
"1178",1178,1,"sesame seed"
"1179",1179,0.992500007152557,"sesame seed"
"1180",1180,0.952499985694885,"sesame seed"
"1181",1181,0.884999990463257,"sesame seed"
"1182",1182,0.785000026226044,"sesame seed"
"1183",1183,0.745000004768372,"sesame seed"
"1184",1184,0.704999983310699,"sesame seed"
"1185",1185,0.665000081062317,"sesame seed"
"1186",1186,0.517500042915344,"sesame seed"
"1187",1187,0.457499980926514,"sesame seed"
"1188",1188,0.400000005960464,"sesame seed"
"1189",1189,0.422499984502792,"sesame seed"
"1190",1190,0.147321432828903,"sesame seed"
"1191",1191,0.0500000193715096,"sesame seed"
"1192",1192,0.0758928582072258,"sesame seed"
"1193",1193,0.16785717010498,"sesame seed"
"1194",1194,0.540000021457672,"sesame seed"
"1195",1195,0.517499983310699,"sesame seed"
"1196",1196,0.552500009536743,"sesame seed"
"1197",1197,0.677500009536743,"sesame seed"
"1198",1198,0.780000030994415,"sesame seed"
"1199",1199,0.850406527519226,"sesame seed"
"1200",1200,1,"sesame seed"
"1201",1201,0.830357134342194,"sesame seed"
"1202",1202,0.669642865657806,"sesame seed"
"1203",1203,0.585714340209961,"sesame seed"
"1204",1204,0.651785731315613,"sesame seed"
"1205",1205,0.267857134342194,"sesame seed"
"1206",1206,0.214285716414452,"sesame seed"
"1207",1207,0.142857149243355,"sesame seed"
"1208",1208,0.0589286275207996,"sesame seed"
"1209",1209,0,"sesame seed"
"1210",1210,0,"sesame seed"
"1211",1211,0.0250000264495611,"sesame seed"
"1212",1212,0.100892849266529,"sesame seed"
"1213",1213,0.145535737276077,"sesame seed"
"1214",1214,0.0919642820954323,"sesame seed"
"1215",1215,0.0625,"sesame seed"
"1216",1216,0.0714285746216774,"sesame seed"
"1217",1217,0.0946428850293159,"sesame seed"
"1218",1218,0.0848214253783226,"sesame seed"
"1219",1219,0.0714285746216774,"sesame seed"
"1220",1220,0,"sesame seed"
"1221",1221,0,"sesame seed"
"1222",1222,1,"sesame seed"
"1223",1223,1,"sesame seed"
"1224",1224,1,"sesame seed"
"1225",1225,1,"sesame seed"
"1226",1226,1,"sesame seed"
"1227",1227,1,"sesame seed"
"1228",1228,1,"sesame seed"
"1229",1229,1,"sesame seed"
"1230",1230,0.975000023841858,"sesame seed"
"1231",1231,0.939999997615814,"sesame seed"
"1232",1232,0.970000028610229,"sesame seed"
"1233",1233,0.997499942779541,"sesame seed"
"1234",1234,0.992500007152557,"sesame seed"
"1235",1235,0.972500026226044,"sesame seed"
"1236",1236,0.909999966621399,"sesame seed"
"1237",1237,0.879999995231628,"sesame seed"
"1238",1238,0.814999997615814,"sesame seed"
"1239",1239,0.784999966621399,"sesame seed"
"1240",1240,0.754999995231628,"sesame seed"
"1241",1241,0.621428608894348,"sesame seed"
"1242",1242,0.550000071525574,"sesame seed"
"1243",1243,0.491071432828903,"sesame seed"
"1244",1244,0.451785773038864,"sesame seed"
"1245",1245,0.409999936819077,"sesame seed"
"1246",1246,0.319642871618271,"sesame seed"
"1247",1247,0.0875000283122063,"sesame seed"
"1248",1248,0.0892857164144516,"sesame seed"
"1249",1249,0.282142907381058,"sesame seed"
"1250",1250,0.594999969005585,"sesame seed"
"1251",1251,0.532500028610229,"sesame seed"
"1252",1252,0.602499961853027,"sesame seed"
"1253",1253,0.745000004768372,"sesame seed"
"1254",1254,0.860569179058075,"sesame seed"
"1255",1255,0.984552919864655,"sesame seed"
"1256",1256,1,"sesame seed"
"1257",1257,0.9375,"sesame seed"
"1258",1258,0.848214268684387,"sesame seed"
"1259",1259,0.669642865657806,"sesame seed"
"1260",1260,0.669642865657806,"sesame seed"
"1261",1261,0.264285773038864,"sesame seed"
"1262",1262,0.112500056624413,"sesame seed"
"1263",1263,0.157142907381058,"sesame seed"
"1264",1264,0.0767857655882835,"sesame seed"
"1265",1265,0,"sesame seed"
"1266",1266,0,"sesame seed"
"1267",1267,0.0625,"sesame seed"
"1268",1268,0.114285744726658,"sesame seed"
"1269",1269,0.13660717010498,"sesame seed"
"1270",1270,0.111607141792774,"sesame seed"
"1271",1271,0.125,"sesame seed"
"1272",1272,0.13660717010498,"sesame seed"
"1273",1273,0.15625,"sesame seed"
"1274",1274,0.136607140302658,"sesame seed"
"1275",1275,0.114285744726658,"sesame seed"
"1276",1276,0.0892857164144516,"sesame seed"
"1277",1277,0,"sesame seed"
"1278",1278,0,"sesame seed"
"1279",1279,0,"sesame seed"
"1280",1280,1,"sesame seed"
"1281",1281,1,"sesame seed"
"1282",1282,1,"sesame seed"
"1283",1283,1,"sesame seed"
"1284",1284,1,"sesame seed"
"1285",1285,1,"sesame seed"
"1286",1286,1,"sesame seed"
"1287",1287,1,"sesame seed"
"1288",1288,0.989999949932098,"sesame seed"
"1289",1289,1,"sesame seed"
"1290",1290,1,"sesame seed"
"1291",1291,1,"sesame seed"
"1292",1292,0.990000069141388,"sesame seed"
"1293",1293,0.995000004768372,"sesame seed"
"1294",1294,0.919642865657806,"sesame seed"
"1295",1295,0.909999966621399,"sesame seed"
"1296",1296,0.835000038146973,"sesame seed"
"1297",1297,0.824999988079071,"sesame seed"
"1298",1298,0.794642865657806,"sesame seed"
"1299",1299,0.65714293718338,"sesame seed"
"1300",1300,0.535714268684387,"sesame seed"
"1301",1301,0.46428570151329,"sesame seed"
"1302",1302,0.469642907381058,"sesame seed"
"1303",1303,0.5,"sesame seed"
"1304",1304,0.623214304447174,"sesame seed"
"1305",1305,0.315178602933884,"sesame seed"
"1306",1306,0.375892877578735,"sesame seed"
"1307",1307,0.616071403026581,"sesame seed"
"1308",1308,0.670000016689301,"sesame seed"
"1309",1309,0.689999997615814,"sesame seed"
"1310",1310,0.835000038146973,"sesame seed"
"1311",1311,0.985000014305115,"sesame seed"
"1312",1312,1,"sesame seed"
"1313",1313,1,"sesame seed"
"1314",1314,0.978571474552155,"sesame seed"
"1315",1315,0.800000071525574,"sesame seed"
"1316",1316,0.773214340209961,"sesame seed"
"1317",1317,0.5625,"sesame seed"
"1318",1318,0.214285716414452,"sesame seed"
"1319",1319,0.0946429148316383,"sesame seed"
"1320",1320,0.0178571436554193,"sesame seed"
"1321",1321,0.0142857683822513,"sesame seed"
"1322",1322,0,"sesame seed"
"1323",1323,0,"sesame seed"
"1324",1324,0.103571482002735,"sesame seed"
"1325",1325,0.149999991059303,"sesame seed"
"1326",1326,0.208035737276077,"sesame seed"
"1327",1327,0.188392877578735,"sesame seed"
"1328",1328,0.252678602933884,"sesame seed"
"1329",1329,0.181250020861626,"sesame seed"
"1330",1330,0.203571453690529,"sesame seed"
"1331",1331,0.192857161164284,"sesame seed"
"1332",1332,0.16339285671711,"sesame seed"
"1333",1333,0,"sesame seed"
"1334",1334,1,"sesame seed"
"1335",1335,1,"sesame seed"
"1336",1336,1,"sesame seed"
"1337",1337,1,"sesame seed"
"1338",1338,1,"sesame seed"
"1339",1339,1,"sesame seed"
"1340",1340,1,"sesame seed"
"1341",1341,1,"sesame seed"
"1342",1342,1,"sesame seed"
"1343",1343,1,"sesame seed"
"1344",1344,1,"sesame seed"
"1345",1345,1,"sesame seed"
"1346",1346,0.928571403026581,"sesame seed"
"1347",1347,0.919642865657806,"sesame seed"
"1348",1348,0.909999966621399,"sesame seed"
"1349",1349,0.85999995470047,"sesame seed"
"1350",1350,0.864999949932098,"sesame seed"
"1351",1351,0.864999949932098,"sesame seed"
"1352",1352,0.839285731315613,"sesame seed"
"1353",1353,0.710714340209961,"sesame seed"
"1354",1354,0.59464293718338,"sesame seed"
"1355",1355,0.514285743236542,"sesame seed"
"1356",1356,0.428571432828903,"sesame seed"
"1357",1357,0.652499973773956,"sesame seed"
"1358",1358,0.585714280605316,"sesame seed"
"1359",1359,0.442857176065445,"sesame seed"
"1360",1360,0.382142841815948,"sesame seed"
"1361",1361,0.502678573131561,"sesame seed"
"1362",1362,0.675000071525574,"sesame seed"
"1363",1363,0.699999988079071,"sesame seed"
"1364",1364,0.919999957084656,"sesame seed"
"1365",1365,0.990000009536743,"sesame seed"
"1366",1366,0.808928608894348,"sesame seed"
"1367",1367,0.800000071525574,"sesame seed"
"1368",1368,0.585714340209961,"sesame seed"
"1369",1369,0.455357134342194,"sesame seed"
"1370",1370,0.308928638696671,"sesame seed"
"1371",1371,0.228571489453316,"sesame seed"
"1372",1372,0.0357142873108387,"sesame seed"
"1373",1373,0,"sesame seed"
"1374",1374,0,"sesame seed"
"1375",1375,0.00535719748586416,"sesame seed"
"1376",1376,0,"sesame seed"
"1377",1377,0.0232143402099609,"sesame seed"
"1378",1378,0.116071425378323,"sesame seed"
"1379",1379,0.166071444749832,"sesame seed"
"1380",1380,0.270535737276077,"sesame seed"
"1381",1381,0.279464274644852,"sesame seed"
"1382",1382,0.371428579092026,"sesame seed"
"1383",1383,0.279464274644852,"sesame seed"
"1384",1384,0.257142871618271,"sesame seed"
"1385",1385,0.248214319348335,"sesame seed"
"1386",1386,0.225892886519432,"sesame seed"
"1387",1387,0.19910717010498,"sesame seed"
"1388",1388,0,"sesame seed"
"1389",1389,0,"sesame seed"
"1390",1390,1,"sesame seed"
"1391",1391,1,"sesame seed"
"1392",1392,1,"sesame seed"
"1393",1393,1,"sesame seed"
"1394",1394,1,"sesame seed"
"1395",1395,1,"sesame seed"
"1396",1396,1,"sesame seed"
"1397",1397,1,"sesame seed"
"1398",1398,1,"sesame seed"
"1399",1399,0.955357134342194,"sesame seed"
"1400",1400,0.89000004529953,"sesame seed"
"1401",1401,0.764285743236542,"sesame seed"
"1402",1402,0.679464340209961,"sesame seed"
"1403",1403,0.609821438789368,"sesame seed"
"1404",1404,0.642857134342194,"sesame seed"
"1405",1405,0.625,"sesame seed"
"1406",1406,0.517857134342194,"sesame seed"
"1407",1407,0.4375,"sesame seed"
"1408",1408,0.41071429848671,"sesame seed"
"1409",1409,0.333035707473755,"sesame seed"
"1410",1410,0.341964304447174,"sesame seed"
"1411",1411,0.428571432828903,"sesame seed"
"1412",1412,0.699999988079071,"sesame seed"
"1413",1413,0.789999961853027,"sesame seed"
"1414",1414,0.917500019073486,"sesame seed"
"1415",1415,0.607142865657806,"sesame seed"
"1416",1416,0.571428596973419,"sesame seed"
"1417",1417,0.625,"sesame seed"
"1418",1418,0.344642907381058,"sesame seed"
"1419",1419,0.282142907381058,"sesame seed"
"1420",1420,0.308928638696671,"sesame seed"
"1421",1421,0.160714283585548,"sesame seed"
"1422",1422,0.0696428492665291,"sesame seed"
"1423",1423,0,"sesame seed"
"1424",1424,0,"sesame seed"
"1425",1425,0,"sesame seed"
"1426",1426,0,"sesame seed"
"1427",1427,0.0589286275207996,"sesame seed"
"1428",1428,0.219642907381058,"sesame seed"
"1429",1429,0.224107161164284,"sesame seed"
"1430",1430,0.31696429848671,"sesame seed"
"1431",1431,0.3125,"sesame seed"
"1432",1432,0.40625,"sesame seed"
"1433",1433,0.330357134342194,"sesame seed"
"1434",1434,0.317857176065445,"sesame seed"
"1435",1435,0.299107134342194,"sesame seed"
"1436",1436,0.291071444749832,"sesame seed"
"1437",1437,0.270535737276077,"sesame seed"
"1438",1438,0,"sesame seed"
"1439",1439,0,"sesame seed"
"1440",1440,0,"sesame seed"
"1441",1441,1,"sesame seed"
"1442",1442,1,"sesame seed"
"1443",1443,1,"sesame seed"
"1444",1444,1,"sesame seed"
"1445",1445,1,"sesame seed"
"1446",1446,0.916071474552155,"sesame seed"
"1447",1447,0.694642901420593,"sesame seed"
"1448",1448,0.620535731315613,"sesame seed"
"1449",1449,0.571428596973419,"sesame seed"
"1450",1450,0.648214340209961,"sesame seed"
"1451",1451,0.535714268684387,"sesame seed"
"1452",1452,0.455357134342194,"sesame seed"
"1453",1453,0.407142907381058,"sesame seed"
"1454",1454,0.380357205867767,"sesame seed"
"1455",1455,0.732142865657806,"sesame seed"
"1456",1456,0.79285717010498,"sesame seed"
"1457",1457,0.625892877578735,"sesame seed"
"1458",1458,0.425000041723251,"sesame seed"
"1459",1459,0.416071474552155,"sesame seed"
"1460",1460,0.40178570151329,"sesame seed"
"1461",1461,0.183928623795509,"sesame seed"
"1462",1462,0.1875,"sesame seed"
"1463",1463,0.243750020861626,"sesame seed"
"1464",1464,0.20625002682209,"sesame seed"
"1465",1465,0.102678574621677,"sesame seed"
"1466",1466,0.0446428582072258,"sesame seed"
"1467",1467,0,"sesame seed"
"1468",1468,0,"sesame seed"
"1469",1469,0,"sesame seed"
"1470",1470,0.116071425378323,"sesame seed"
"1471",1471,0.27678570151329,"sesame seed"
"1472",1472,0.300000041723251,"sesame seed"
"1473",1473,0.328571408987045,"sesame seed"
"1474",1474,0.324107140302658,"sesame seed"
"1475",1475,0.366964310407639,"sesame seed"
"1476",1476,0.368750035762787,"sesame seed"
"1477",1477,0.373214304447174,"sesame seed"
"1478",1478,0.364285707473755,"sesame seed"
"1479",1479,0.30803570151329,"sesame seed"
"1480",1480,0.275000005960464,"sesame seed"
"1481",1481,0,"sesame seed"
"1482",1482,0,"sesame seed"
"1483",1483,0,"sesame seed"
"1484",1484,0.157142907381058,"sesame seed"
"1485",1485,1,"sesame seed"
"1486",1486,1,"sesame seed"
"1487",1487,1,"sesame seed"
"1488",1488,0.992500007152557,"sesame seed"
"1489",1489,0.629464268684387,"sesame seed"
"1490",1490,0.6875,"sesame seed"
"1491",1491,0.330357134342194,"sesame seed"
"1492",1492,0.535714268684387,"sesame seed"
"1493",1493,0.629464268684387,"sesame seed"
"1494",1494,0.715178608894348,"sesame seed"
"1495",1495,0.383928567171097,"sesame seed"
"1496",1496,0.255357205867767,"sesame seed"
"1497",1497,0.246428623795509,"sesame seed"
"1498",1498,0.130357190966606,"sesame seed"
"1499",1499,0.13214285671711,"sesame seed"
"1500",1500,0.216964274644852,"sesame seed"
"1501",1501,0.33928570151329,"sesame seed"
"1502",1502,0.0874999910593033,"sesame seed"
"1503",1503,0.03125,"sesame seed"
"1504",1504,0,"sesame seed"
"1505",1505,0,"sesame seed"
"1506",1506,0.0580357126891613,"sesame seed"
"1507",1507,0.127678602933884,"sesame seed"
"1508",1508,0.241071432828903,"sesame seed"
"1509",1509,0.330357134342194,"sesame seed"
"1510",1510,0.32857146859169,"sesame seed"
"1511",1511,0.334821432828903,"sesame seed"
"1512",1512,0.37946429848671,"sesame seed"
"1513",1513,0.383928567171097,"sesame seed"
"1514",1514,0.384821444749832,"sesame seed"
"1515",1515,0.44196429848671,"sesame seed"
"1516",1516,0.373214304447174,"sesame seed"
"1517",1517,0,"sesame seed"
"1518",1518,0,"sesame seed"
"1519",1519,0,"sesame seed"
"1520",1520,0.0267857145518064,"sesame seed"
"1521",1521,0.0767857655882835,"sesame seed"
"1522",1522,1,"sesame seed"
"1523",1523,1,"sesame seed"
"1524",1524,0.563392877578735,"sesame seed"
"1525",1525,0.565178573131561,"sesame seed"
"1526",1526,0.325892865657806,"sesame seed"
"1527",1527,0.1875,"sesame seed"
"1528",1528,0.169642850756645,"sesame seed"
"1529",1529,0.183928623795509,"sesame seed"
"1530",1530,0.0803571417927742,"sesame seed"
"1531",1531,0.130357161164284,"sesame seed"
"1532",1532,0.1901785582304,"sesame seed"
"1533",1533,0.215178593993187,"sesame seed"
"1534",1534,0.109821423888206,"sesame seed"
"1535",1535,0.0446428582072258,"sesame seed"
"1536",1536,0.00714288419112563,"sesame seed"
"1537",1537,0.0535714291036129,"sesame seed"
"1538",1538,0.0982142835855484,"sesame seed"
"1539",1539,0.170535728335381,"sesame seed"
"1540",1540,0.241071432828903,"sesame seed"
"1541",1541,0.322321444749832,"sesame seed"
"1542",1542,0.275000035762787,"sesame seed"
"1543",1543,0.31696429848671,"sesame seed"
"1544",1544,0.37946429848671,"sesame seed"
"1545",1545,0.39107146859169,"sesame seed"
"1546",1546,0.373214274644852,"sesame seed"
"1547",1547,0.377678602933884,"sesame seed"
"1548",1548,0.350892841815948,"sesame seed"
"1549",1549,0.317857176065445,"sesame seed"
"1550",1550,0,"sesame seed"
"1551",1551,0,"sesame seed"
"1552",1552,0.0267857145518064,"sesame seed"
"1553",1553,0.196428567171097,"sesame seed"
"1554",1554,0.223214283585548,"sesame seed"
"1555",1555,0.282142907381058,"sesame seed"
"1556",1556,0.317857205867767,"sesame seed"
"1557",1557,0.33928570151329,"sesame seed"
"1558",1558,0.527678608894348,"sesame seed"
"1559",1559,0.502678573131561,"sesame seed"
"1560",1560,0.228571489453316,"sesame seed"
"1561",1561,0.151785716414452,"sesame seed"
"1562",1562,0.116071425378323,"sesame seed"
"1563",1563,0.103571482002735,"sesame seed"
"1564",1564,0.107142858207226,"sesame seed"
"1565",1565,0.458035707473755,"sesame seed"
"1566",1566,0.618749976158142,"sesame seed"
"1567",1567,0.176785737276077,"sesame seed"
"1568",1568,0.129464283585548,"sesame seed"
"1569",1569,0.0785714536905289,"sesame seed"
"1570",1570,0.0366071648895741,"sesame seed"
"1571",1571,0.100892886519432,"sesame seed"
"1572",1572,0.125,"sesame seed"
"1573",1573,0.179464310407639,"sesame seed"
"1574",1574,0.239285707473755,"sesame seed"
"1575",1575,0.291071444749832,"sesame seed"
"1576",1576,0.288392841815948,"sesame seed"
"1577",1577,0.26607146859169,"sesame seed"
"1578",1578,0.335714310407639,"sesame seed"
"1579",1579,0.382142841815948,"sesame seed"
"1580",1580,0.368750035762787,"sesame seed"
"1581",1581,0.366964310407639,"sesame seed"
"1582",1582,0.341964274644852,"sesame seed"
"1583",1583,0,"sesame seed"
"1584",1584,0,"sesame seed"
"1585",1585,0.344642907381058,"sesame seed"
"1586",1586,0.383928567171097,"sesame seed"
"1587",1587,0.4375,"sesame seed"
"1588",1588,0.478571474552155,"sesame seed"
"1589",1589,0.860000014305115,"sesame seed"
"1590",1590,0.723214268684387,"sesame seed"
"1591",1591,0.571428596973419,"sesame seed"
"1592",1592,0.19464285671711,"sesame seed"
"1593",1593,0.466964304447174,"sesame seed"
"1594",1594,0.130357190966606,"sesame seed"
"1595",1595,0.0589286275207996,"sesame seed"
"1596",1596,0.0446428582072258,"sesame seed"
"1597",1597,0.0178571436554193,"sesame seed"
"1598",1598,0,"sesame seed"
"1599",1599,0.0473214574158192,"sesame seed"
"1600",1600,0.20625002682209,"sesame seed"
"1601",1601,0.127678602933884,"sesame seed"
"1602",1602,0.123214282095432,"sesame seed"
"1603",1603,0.100892886519432,"sesame seed"
"1604",1604,0.105357132852077,"sesame seed"
"1605",1605,0.11250001937151,"sesame seed"
"1606",1606,0.154464319348335,"sesame seed"
"1607",1607,0.161607161164284,"sesame seed"
"1608",1608,0.203571423888206,"sesame seed"
"1609",1609,0.233035728335381,"sesame seed"
"1610",1610,0.272321432828903,"sesame seed"
"1611",1611,0.26160717010498,"sesame seed"
"1612",1612,0.28125,"sesame seed"
"1613",1613,0.317857176065445,"sesame seed"
"1614",1614,0.344642877578735,"sesame seed"
"1615",1615,0.346428573131561,"sesame seed"
"1616",1616,0,"sesame seed"
"1617",1617,0,"sesame seed"
"1618",1618,0,"sesame seed"
"1619",1619,0,"sesame seed"
"1620",1620,0.53214293718338,"sesame seed"
"1621",1621,0.558928608894348,"sesame seed"
"1622",1622,0.612500071525574,"sesame seed"
"1623",1623,0.669642865657806,"sesame seed"
"1624",1624,0.720000028610229,"sesame seed"
"1625",1625,0.874999940395355,"sesame seed"
"1626",1626,0.0892857164144516,"sesame seed"
"1627",1627,0.455357134342194,"sesame seed"
"1628",1628,0.00535719748586416,"sesame seed"
"1629",1629,0,"sesame seed"
"1630",1630,0,"sesame seed"
"1631",1631,0,"sesame seed"
"1632",1632,0,"sesame seed"
"1633",1633,0.17500002682209,"sesame seed"
"1634",1634,0.334821432828903,"sesame seed"
"1635",1635,0.560714304447174,"sesame seed"
"1636",1636,0.161607161164284,"sesame seed"
"1637",1637,0.130357161164284,"sesame seed"
"1638",1638,0.169642850756645,"sesame seed"
"1639",1639,0.129464283585548,"sesame seed"
"1640",1640,0.147321432828903,"sesame seed"
"1641",1641,0.152678593993187,"sesame seed"
"1642",1642,0.172321453690529,"sesame seed"
"1643",1643,0.19910717010498,"sesame seed"
"1644",1644,0.230357140302658,"sesame seed"
"1645",1645,0.23750002682209,"sesame seed"
"1646",1646,0.261607140302658,"sesame seed"
"1647",1647,0.29285717010498,"sesame seed"
"1648",1648,0.321428567171097,"sesame seed"
"1649",1649,0.31696429848671,"sesame seed"
"1650",1650,0,"sesame seed"
"1651",1651,0,"sesame seed"
"1652",1652,0.550000071525574,"sesame seed"
"1653",1653,0.642857134342194,"sesame seed"
"1654",1654,0.746428608894348,"sesame seed"
"1655",1655,0.660714268684387,"sesame seed"
"1656",1656,0.291071474552155,"sesame seed"
"1657",1657,0.98035717010498,"sesame seed"
"1658",1658,0.832499980926514,"sesame seed"
"1659",1659,0,"sesame seed"
"1660",1660,0,"sesame seed"
"1661",1661,0,"sesame seed"
"1662",1662,0.130357161164284,"sesame seed"
"1663",1663,0.23750002682209,"sesame seed"
"1664",1664,0.388392865657806,"sesame seed"
"1665",1665,0.301785737276077,"sesame seed"
"1666",1666,0.191964283585548,"sesame seed"
"1667",1667,0.152678593993187,"sesame seed"
"1668",1668,0.141071423888206,"sesame seed"
"1669",1669,0.134821444749832,"sesame seed"
"1670",1670,0.107142858207226,"sesame seed"
"1671",1671,0.111607141792774,"sesame seed"
"1672",1672,0.130357161164284,"sesame seed"
"1673",1673,0.183928593993187,"sesame seed"
"1674",1674,0.214285716414452,"sesame seed"
"1675",1675,0.26160717010498,"sesame seed"
"1676",1676,0.279464274644852,"sesame seed"
"1677",1677,0.304464310407639,"sesame seed"
"1678",1678,0.299107134342194,"sesame seed"
"1679",1679,0,"sesame seed"
"1680",1680,0.514285743236542,"sesame seed"
"1681",1681,0.830357134342194,"sesame seed"
"1682",1682,0.925000071525574,"sesame seed"
"1683",1683,0.901785731315613,"sesame seed"
"1684",1684,0.475892871618271,"sesame seed"
"1685",1685,NA,"sesame seed"
"1686",1686,0.939999997615814,"sesame seed"
"1687",1687,0.0830357074737549,"sesame seed"
"1688",1688,0,"sesame seed"
"1689",1689,0,"sesame seed"
"1690",1690,0.13660717010498,"sesame seed"
"1691",1691,0.408928602933884,"sesame seed"
"1692",1692,0.257142871618271,"sesame seed"
"1693",1693,0.245535716414452,"sesame seed"
"1694",1694,0.1901785582304,"sesame seed"
"1695",1695,0.16339285671711,"sesame seed"
"1696",1696,0.13660717010498,"sesame seed"
"1697",1697,0.116071425378323,"sesame seed"
"1698",1698,0.118749991059303,"sesame seed"
"1699",1699,0.090178593993187,"sesame seed"
"1700",1700,0.0830357447266579,"sesame seed"
"1701",1701,0.134821444749832,"sesame seed"
"1702",1702,0.215178593993187,"sesame seed"
"1703",1703,0.283928602933884,"sesame seed"
"1704",1704,0.301785707473755,"sesame seed"
"1705",1705,0.32410717010498,"sesame seed"
"1706",1706,0,"sesame seed"
"1707",1707,0.683928608894348,"sesame seed"
"1708",1708,0.773214340209961,"sesame seed"
"1709",1709,0.933928608894348,"sesame seed"
"1710",1710,1,"sesame seed"
"1711",1711,1,"sesame seed"
"1712",1712,1,"sesame seed"
"1713",1713,1,"sesame seed"
"1714",1714,1,"sesame seed"
"1715",1715,0.866071403026581,"sesame seed"
"1716",1716,0.357142865657806,"sesame seed"
"1717",1717,0.852500021457672,"sesame seed"
"1718",1718,0,"sesame seed"
"1719",1719,0,"sesame seed"
"1720",1720,0.00892857182770967,"sesame seed"
"1721",1721,0.103571452200413,"sesame seed"
"1722",1722,0.19910717010498,"sesame seed"
"1723",1723,0.270535737276077,"sesame seed"
"1724",1724,0.301785737276077,"sesame seed"
"1725",1725,0.224107161164284,"sesame seed"
"1726",1726,0.209821432828903,"sesame seed"
"1727",1727,0.185714274644852,"sesame seed"
"1728",1728,0.0946428775787354,"sesame seed"
"1729",1729,0.11250001937151,"sesame seed"
"1730",1730,0.085714302957058,"sesame seed"
"1731",1731,0.0982142835855484,"sesame seed"
"1732",1732,0.125892877578735,"sesame seed"
"1733",1733,0.223214283585548,"sesame seed"
"1734",1734,0.301785707473755,"sesame seed"
"1735",1735,0.301785737276077,"sesame seed"
"1736",1736,0.330357134342194,"sesame seed"
"1737",1737,0.00714285019785166,"sesame seed"
"1738",1738,0.133928567171097,"sesame seed"
"1739",1739,0.839285731315613,"sesame seed"
"1740",1740,0.987500071525574,"sesame seed"
"1741",1741,1,"sesame seed"
"1742",1742,1,"sesame seed"
"1743",1743,1,"sesame seed"
"1744",1744,1,"sesame seed"
"1745",1745,1,"sesame seed"
"1746",1746,1,"sesame seed"
"1747",1747,0.598214268684387,"sesame seed"
"1748",1748,0.880357205867767,"sesame seed"
"1749",1749,0.0267857145518064,"sesame seed"
"1750",1750,0.0982142835855484,"sesame seed"
"1751",1751,0,"sesame seed"
"1752",1752,0.0562499947845936,"sesame seed"
"1753",1753,0.1589285582304,"sesame seed"
"1754",1754,0.233035728335381,"sesame seed"
"1755",1755,0.29285717010498,"sesame seed"
"1756",1756,0.322321444749832,"sesame seed"
"1757",1757,0.209821432828903,"sesame seed"
"1758",1758,0.191964283585548,"sesame seed"
"1759",1759,0.178571432828903,"sesame seed"
"1760",1760,0.116071425378323,"sesame seed"
"1761",1761,0.123214282095432,"sesame seed"
"1762",1762,0.0964285656809807,"sesame seed"
"1763",1763,0.116071425378323,"sesame seed"
"1764",1764,0.16785717010498,"sesame seed"
"1765",1765,0.21875,"sesame seed"
"1766",1766,0.272321432828903,"sesame seed"
"1767",1767,0.303571432828903,"sesame seed"
"1768",1768,0.319642841815948,"sesame seed"
"1769",1769,0.0535714291036129,"sesame seed"
"1770",1770,0.848214268684387,"sesame seed"
"1771",1771,0.991071403026581,"sesame seed"
"1772",1772,0.995000004768372,"sesame seed"
"1773",1773,0.989999949932098,"sesame seed"
"1774",1774,1,"sesame seed"
"1775",1775,1,"sesame seed"
"1776",1776,1,"sesame seed"
"1777",1777,0.951785743236542,"sesame seed"
"1778",1778,0.767857134342194,"sesame seed"
"1779",1779,0,"sesame seed"
"1780",1780,0.0142857683822513,"sesame seed"
"1781",1781,0.0357142873108387,"sesame seed"
"1782",1782,0.0383928827941418,"sesame seed"
"1783",1783,0.114285707473755,"sesame seed"
"1784",1784,0.203571453690529,"sesame seed"
"1785",1785,0.245535716414452,"sesame seed"
"1786",1786,0.297321408987045,"sesame seed"
"1787",1787,0.255357176065445,"sesame seed"
"1788",1788,0.216964319348335,"sesame seed"
"1789",1789,0.16339285671711,"sesame seed"
"1790",1790,0.163392886519432,"sesame seed"
"1791",1791,0.141071423888206,"sesame seed"
"1792",1792,0.123214282095432,"sesame seed"
"1793",1793,0.158928602933884,"sesame seed"
"1794",1794,0.14375002682209,"sesame seed"
"1795",1795,0.19464285671711,"sesame seed"
"1796",1796,0.228571444749832,"sesame seed"
"1797",1797,0.28125,"sesame seed"
"1798",1798,0.310714304447174,"sesame seed"
"1799",1799,0.0964285656809807,"sesame seed"
"1800",1800,0.160714283585548,"sesame seed"
"1801",1801,0.535714268684387,"sesame seed"
"1802",1802,0.995000004768372,"sesame seed"
"1803",1803,0.989999949932098,"sesame seed"
"1804",1804,0.995000064373016,"sesame seed"
"1805",1805,0.989999949932098,"sesame seed"
"1806",1806,1,"sesame seed"
"1807",1807,0.982142865657806,"sesame seed"
"1808",1808,0,"sesame seed"
"1809",1809,0.130357190966606,"sesame seed"
"1810",1810,0.270535737276077,"sesame seed"
"1811",1811,0.248214319348335,"sesame seed"
"1812",1812,0.188392877578735,"sesame seed"
"1813",1813,0.19910717010498,"sesame seed"
"1814",1814,0.17500002682209,"sesame seed"
"1815",1815,0.139285728335381,"sesame seed"
"1816",1816,0.13214285671711,"sesame seed"
"1817",1817,0.142857149243355,"sesame seed"
"1818",1818,0.185714274644852,"sesame seed"
"1819",1819,0.174107149243355,"sesame seed"
"1820",1820,0.208035707473755,"sesame seed"
"1821",1821,0.23750002682209,"sesame seed"
"1822",1822,0.310714274644852,"sesame seed"
"1823",1823,0.172321423888206,"sesame seed"
"1824",1824,0.241071432828903,"sesame seed"
"1825",1825,0.451785773038864,"sesame seed"
"1826",1826,0.678571403026581,"sesame seed"
"1827",1827,1,"sesame seed"
"1828",1828,0.99999988079071,"sesame seed"
"1829",1829,0.985000014305115,"sesame seed"
"1830",1830,1,"sesame seed"
"1831",1831,1,"sesame seed"
"1832",1832,NA,"sesame seed"
"1833",1833,0.995000064373016,"sesame seed"
"1834",1834,0.942857205867767,"sesame seed"
"1835",1835,0.166071444749832,"sesame seed"
"1836",1836,0.185714319348335,"sesame seed"
"1837",1837,0.181249991059303,"sesame seed"
"1838",1838,0.183035716414452,"sesame seed"
"1839",1839,0.188392877578735,"sesame seed"
"1840",1840,0.230357140302658,"sesame seed"
"1841",1841,0.25446429848671,"sesame seed"
"1842",1842,0.264285743236542,"sesame seed"
"1843",1843,0.31696429848671,"sesame seed"
"1844",1844,0.283928602933884,"sesame seed"
"1845",1845,0.282142877578735,"sesame seed"
"1846",1846,1,"sesame seed"
"1847",1847,1,"sesame seed"
"1848",1848,0.986585438251495,"sesame seed"
"1849",1849,0.992682993412018,"sesame seed"
"1850",1850,1,"sesame seed"
"1851",1851,0.337500035762787,"sesame seed"
"1852",1852,0.5625,"sesame seed"
"1853",1853,0.233035728335381,"sesame seed"
"1854",1854,0.239285707473755,"sesame seed"
"1855",1855,0.23750002682209,"sesame seed"
"1856",1856,0.2214285582304,"sesame seed"
"1857",1857,0.270535737276077,"sesame seed"
"1858",1858,0.304464310407639,"sesame seed"
"1859",1859,0.325892865657806,"sesame seed"
"1860",1860,0.523214340209961,"sesame seed"
"1861",1861,0.96964293718338,"sesame seed"
"1862",1862,0.868699252605438,"sesame seed"
"1863",1863,0.895121991634369,"sesame seed"
"1864",1864,0.920731723308563,"sesame seed"
"1865",1865,0.904471516609192,"sesame seed"
"1866",1866,1,"sesame seed"
"1867",1867,0.569642901420593,"sesame seed"
"1868",1868,0.317857176065445,"sesame seed"
"1869",1869,0.286607176065445,"sesame seed"
"1870",1870,0.277678579092026,"sesame seed"
"1871",1871,0.250892877578735,"sesame seed"
"1872",1872,0.248214274644852,"sesame seed"
"1873",1873,0.283928573131561,"sesame seed"
"1874",1874,0.355357140302658,"sesame seed"
"1875",1875,0.335714310407639,"sesame seed"
"1876",1876,0.710714340209961,"sesame seed"
"1877",1877,1,"sesame seed"
"1878",1878,1,"sesame seed"
"1879",1879,0.880894362926483,"sesame seed"
"1880",1880,0.770325183868408,"sesame seed"
"1881",1881,0.746748030185699,"sesame seed"
"1882",1882,0.926829278469086,"sesame seed"
"1883",1883,0.400000035762787,"sesame seed"
"1884",1884,0.368750005960464,"sesame seed"
"1885",1885,0.328571408987045,"sesame seed"
"1886",1886,0.294642865657806,"sesame seed"
"1887",1887,0.290178567171097,"sesame seed"
"1888",1888,0.301785737276077,"sesame seed"
"1889",1889,0.364285737276077,"sesame seed"
"1890",1890,0.0767857655882835,"sesame seed"
"1891",1891,0.0500000528991222,"sesame seed"
"1892",1892,0.47321429848671,"sesame seed"
"1893",1893,0.46428570151329,"sesame seed"
"1894",1894,0.857142865657806,"sesame seed"
"1895",1895,0.957317054271698,"sesame seed"
"1896",1896,0.798780500888824,"sesame seed"
"1897",1897,0.764227628707886,"sesame seed"
"1898",1898,0.817073166370392,"sesame seed"
"1899",1899,NA,"sesame seed"
"1900",1900,0.483035773038864,"sesame seed"
"1901",1901,0.304464340209961,"sesame seed"
"1902",1902,0.578571438789368,"sesame seed"
"1903",1903,0.358035743236542,"sesame seed"
"1904",1904,0.319642841815948,"sesame seed"
"1905",1905,0.310714274644852,"sesame seed"
"1906",1906,0.340178579092026,"sesame seed"
"1907",1907,0.366964310407639,"sesame seed"
"1908",1908,0.866071403026581,"sesame seed"
"1909",1909,NA,"sesame seed"
"1910",1910,0.878048777580261,"sesame seed"
"1911",1911,0.243750020861626,"sesame seed"
"1912",1912,0.458035737276077,"sesame seed"
"1913",1913,0.337500035762787,"sesame seed"
"1914",1914,0.322321444749832,"sesame seed"
"1915",1915,0.355357140302658,"sesame seed"
"1916",1916,0.40625,"sesame seed"
"1917",1917,0.500892877578735,"sesame seed"
"1918",1918,0.598214268684387,"sesame seed"
"1919",1919,0.199107140302658,"sesame seed"
"1920",1920,0.303571432828903,"sesame seed"
"1921",1921,0.324107140302658,"sesame seed"
"1922",1922,0.335714310407639,"sesame seed"
"1923",1923,0.258928567171097,"sesame seed"
"1924",1924,0.219642877578735,"sesame seed"
"1925",1925,0.359821408987045,"sesame seed"
"1926",1926,0.341964304447174,"sesame seed"
"1927",1927,0.377678573131561,"sesame seed"
"1928",1928,0.442857176065445,"sesame seed"
"1929",1929,0.728571474552155,"sesame seed"
"1930",1930,NA,"sesame seed"
"1931",1931,0.830357134342194,"sesame seed"
"1932",1932,0.821428596973419,"sesame seed"
"1933",1933,0.538392901420593,"sesame seed"
"1934",1934,0.478571444749832,"sesame seed"
"1935",1935,0.321428567171097,"sesame seed"
"1936",1936,0.290178567171097,"sesame seed"
"1937",1937,0.78214293718338,"sesame seed"
"1938",1938,NA,"sesame seed"
"1939",1939,0.9892857670784,"sesame seed"
"1940",1940,0.946428596973419,"sesame seed"
"1941",1941,0.810714304447174,"sesame seed"
"1942",1942,0.565178573131561,"sesame seed"
"1943",1943,0.109821423888206,"sesame seed"
"1944",1944,0.27678570151329,"sesame seed"
"1945",1945,0.326785773038864,"sesame seed"
"1946",1946,0.368750005960464,"sesame seed"
"1947",1947,0.558928608894348,"sesame seed"
"1948",1948,0.808928608894348,"sesame seed"
"1949",1949,NA,"sesame seed"
"1950",1950,1,"sesame seed"
"1951",1951,1,"sesame seed"
"1952",1952,0.716964304447174,"sesame seed"
"1953",1953,0.33928570151329,"sesame seed"
"1954",1954,0.407142907381058,"sesame seed"
"1955",1955,0.40178570151329,"sesame seed"
"1956",1956,0.625,"sesame seed"
"1957",1957,0.880357205867767,"sesame seed"
"1958",1958,NA,"sesame seed"
"1959",1959,0.697321474552155,"sesame seed"
"1960",1960,0.310714304447174,"sesame seed"
"1961",1961,0,"sesame seed"
"1962",1962,0,"sesame seed"
"1963",1963,0.362500041723251,"sesame seed"
"1964",1964,0.433928638696671,"sesame seed"
"1965",1965,0.442857205867767,"sesame seed"
"1966",1966,0.407142907381058,"sesame seed"
"1967",1967,0.701785743236542,"sesame seed"
"1968",1968,0.9375,"sesame seed"
"1969",1969,NA,"sesame seed"
"1970",1970,0.587499976158142,"sesame seed"
"1971",1971,0.301785707473755,"sesame seed"
"1972",1972,0.34821429848671,"sesame seed"
"1973",1973,0.375,"sesame seed"
"1974",1974,0.41071429848671,"sesame seed"
"1975",1975,0.366071432828903,"sesame seed"
"1976",1976,0.53214293718338,"sesame seed"
"1977",1977,0.871428608894348,"sesame seed"
"1978",1978,1,"sesame seed"
"1979",1979,0.536607146263123,"sesame seed"
"1980",1980,0.352678567171097,"sesame seed"
"1981",1981,0.275000035762787,"sesame seed"
"1982",1982,0.32857146859169,"sesame seed"
"1983",1983,0.442857176065445,"sesame seed"
"1984",1984,0.540178596973419,"sesame seed"
"1985",1985,0.53125,"sesame seed"
"1986",1986,0.425000041723251,"sesame seed"
"1987",1987,0.416071474552155,"sesame seed"
"1988",1988,0.371428638696671,"sesame seed"
"1989",1989,0.541071474552155,"sesame seed"
"1990",1990,0.996428608894348,"sesame seed"
"1991",1991,NA,"sesame seed"
"1992",1992,0.440178573131561,"sesame seed"
"1993",1993,0.508928596973419,"sesame seed"
"1994",1994,0.649999976158142,"sesame seed"
"1995",1995,0.647321403026581,"sesame seed"
"1996",1996,0.451785743236542,"sesame seed"
"1997",1997,0.433928638696671,"sesame seed"
"1998",1998,0.535714268684387,"sesame seed"
"1999",1999,0.487500041723251,"sesame seed"
"2000",2000,0.550000071525574,"sesame seed"
"2001",2001,0.883928596973419,"sesame seed"
"2002",2002,NA,"sesame seed"
"2003",2003,0.366071432828903,"sesame seed"
"2004",2004,0.408928573131561,"sesame seed"
"2005",2005,1,"sesame seed"
"2006",2006,0.998214304447174,"sesame seed"
"2007",2007,0.581250011920929,"sesame seed"
"2008",2008,0.368750035762787,"sesame seed"
"2009",2009,0.4375,"sesame seed"
"2010",2010,0.46428570151329,"sesame seed"
"2011",2011,0.46428570151329,"sesame seed"
"2012",2012,0.428571432828903,"sesame seed"
"2013",2013,0.4375,"sesame seed"
"2014",2014,0.53214293718338,"sesame seed"
"2015",2015,0.526785731315613,"sesame seed"
"2016",2016,NA,"sesame seed"
"2017",2017,0.196428567171097,"sesame seed"
"2018",2018,0.237500056624413,"sesame seed"
"2019",2019,0.368750005960464,"sesame seed"
"2020",2020,0.373214274644852,"sesame seed"
"2021",2021,0.709821403026581,"sesame seed"
"2022",2022,0.605357110500336,"sesame seed"
"2023",2023,0.317857205867767,"sesame seed"
"2024",2024,0.389285743236542,"sesame seed"
"2025",2025,0.428571432828903,"sesame seed"
"2026",2026,0.205357149243355,"sesame seed"
"2027",2027,0.246428623795509,"sesame seed"
"2028",2028,0.321428567171097,"sesame seed"
"2029",2029,0.392857134342194,"sesame seed"
"2030",2030,0.514285743236542,"sesame seed"
"2031",2031,0.4375,"sesame seed"
"2032",2032,0.34821429848671,"sesame seed"
"2033",2033,0.419642865657806,"sesame seed"
"2034",2034,0.535714268684387,"sesame seed"
"2035",2035,NA,"sesame seed"
"2036",2036,0.290178567171097,"sesame seed"
"2037",2037,0.400000035762787,"sesame seed"
"2038",2038,0.32410717010498,"sesame seed"
"2039",2039,0.3125,"sesame seed"
"2040",2040,0.32857146859169,"sesame seed"
"2041",2041,0.373214274644852,"sesame seed"
"2042",2042,0.295535743236542,"sesame seed"
"2043",2043,0.279464304447174,"sesame seed"
"2044",2044,0.300000041723251,"sesame seed"
"2045",2045,0.210714340209961,"sesame seed"
"2046",2046,0.246428623795509,"sesame seed"
"2047",2047,0.357142865657806,"sesame seed"
"2048",2048,0.428571432828903,"sesame seed"
"2049",2049,0.553571403026581,"sesame seed"
"2050",2050,0.442857205867767,"sesame seed"
"2051",2051,0.402678638696671,"sesame seed"
"2052",2052,0.571428596973419,"sesame seed"
"2053",2053,0.701785743236542,"sesame seed"
"2054",2054,NA,"sesame seed"
"2055",2055,0.183035716414452,"sesame seed"
"2056",2056,0.291071444749832,"sesame seed"
"2057",2057,0.37946429848671,"sesame seed"
"2058",2058,0.282142877578735,"sesame seed"
"2059",2059,0.26160717010498,"sesame seed"
"2060",2060,0.248214319348335,"sesame seed"
"2061",2061,0.326785743236542,"sesame seed"
"2062",2062,0.243749991059303,"sesame seed"
"2063",2063,0.267857134342194,"sesame seed"
"2064",2064,0.142857149243355,"sesame seed"
"2065",2065,0.273214340209961,"sesame seed"
"2066",2066,0.398214340209961,"sesame seed"
"2067",2067,0.416071474552155,"sesame seed"
"2068",2068,0.482142865657806,"sesame seed"
"2069",2069,0.428571432828903,"sesame seed"
"2070",2070,0.516071438789368,"sesame seed"
"2071",2071,0.714285731315613,"sesame seed"
"2072",2072,NA,"sesame seed"
"2073",2073,0.335714310407639,"sesame seed"
"2074",2074,0.201785728335381,"sesame seed"
"2075",2075,0.205357149243355,"sesame seed"
"2076",2076,0.357142865657806,"sesame seed"
"2077",2077,0.246428623795509,"sesame seed"
"2078",2078,0.107142858207226,"sesame seed"
"2079",2079,0.291071474552155,"sesame seed"
"2080",2080,0.303571432828903,"sesame seed"
"2081",2081,0.330357134342194,"sesame seed"
"2082",2082,0.596428573131561,"sesame seed"
"2083",2083,0.748214304447174,"sesame seed"
"2084",2084,0.694642841815948,"sesame seed"
"2085",2085,0.752678573131561,"sesame seed"
"2086",2086,NA,"sesame seed"
"2087",2087,0.291071444749832,"sesame seed"
"2088",2088,0.208035707473755,"sesame seed"
"2089",2089,0.170535728335381,"sesame seed"
"2090",2090,0.282142907381058,"sesame seed"
"2091",2091,0.175000056624413,"sesame seed"
"2092",2092,0.121428623795509,"sesame seed"
"2093",2093,0.282142907381058,"sesame seed"
"2094",2094,0.283928602933884,"sesame seed"
"2095",2095,0.362500041723251,"sesame seed"
"2096",2096,0.790178596973419,"sesame seed"
"2097",2097,0.828571438789368,"sesame seed"
"2098",2098,0.831250011920929,"sesame seed"
"2099",2099,0.757142901420593,"sesame seed"
"2100",2100,NA,"sesame seed"
"2101",2101,0.160714283585548,"sesame seed"
"2102",2102,0.133928567171097,"sesame seed"
"2103",2103,0.205357149243355,"sesame seed"
"2104",2104,0.116071425378323,"sesame seed"
"2105",2105,0.205357149243355,"sesame seed"
"2106",2106,0.26160717010498,"sesame seed"
"2107",2107,0.344642877578735,"sesame seed"
"2108",2108,0.48035717010498,"sesame seed"
"2109",2109,0.922321438789368,"sesame seed"
"2110",2110,0.9267857670784,"sesame seed"
"2111",2111,0.965178608894348,"sesame seed"
"2112",2112,0.641071438789368,"sesame seed"
"2113",2113,0.201785773038864,"sesame seed"
"2114",2114,0.291071474552155,"sesame seed"
"2115",2115,0.166071489453316,"sesame seed"
"2116",2116,0.121428623795509,"sesame seed"
"2117",2117,0.241071432828903,"sesame seed"
"2118",2118,0.266071408987045,"sesame seed"
"2119",2119,0.319642841815948,"sesame seed"
"2120",2120,0.527678608894348,"sesame seed"
"2121",2121,0.960714340209961,"sesame seed"
"2122",2122,1,"sesame seed"
"2123",2123,0.871428608894348,"sesame seed"
"2124",2124,NA,"sesame seed"
"2125",2125,0.214285716414452,"sesame seed"
"2126",2126,0.241071432828903,"sesame seed"
"2127",2127,0.175000056624413,"sesame seed"
"2128",2128,0.243749991059303,"sesame seed"
"2129",2129,0.263392865657806,"sesame seed"
"2130",2130,0.341964304447174,"sesame seed"
"2131",2131,0.647321403026581,"sesame seed"
"2132",2132,0.734821438789368,"sesame seed"
"2133",2133,0.683928608894348,"sesame seed"
"2134",2134,NA,"sesame seed"
"2135",2135,0.130357190966606,"sesame seed"
"2136",2136,0.216964319348335,"sesame seed"
"2137",2137,0.268750011920929,"sesame seed"
"2138",2138,0.352678567171097,"sesame seed"
"2139",2139,0.567857146263123,"sesame seed"
"2140",2140,0.991071403026581,"sesame seed"
"2141",2141,0.984821438789368,"sesame seed"
"2142",2142,0.960714280605316,"sesame seed"
"2143",2143,0.183928623795509,"sesame seed"
"2144",2144,0.221428602933884,"sesame seed"
"2145",2145,0.42232146859169,"sesame seed"
"2146",2146,0.536607205867767,"sesame seed"
"2147",2147,0.859821438789368,"sesame seed"
"2148",2148,0.966964304447174,"sesame seed"
"2149",2149,0.931250035762787,"sesame seed"
"2150",2150,1,"sesame seed"
"2151",2151,NA,"sesame seed"
"2152",2152,0.371428638696671,"sesame seed"
"2153",2153,0.241071432828903,"sesame seed"
"2154",2154,0.444642871618271,"sesame seed"
"2155",2155,0.75089293718338,"sesame seed"
"2156",2156,0.650000035762787,"sesame seed"
"2157",2157,0.837500035762787,"sesame seed"
"2158",2158,0.983035743236542,"sesame seed"
"2159",2159,1,"sesame seed"
"2160",2160,1,"sesame seed"
"2161",2161,0.35982146859169,"sesame seed"
"2162",2162,0.700892865657806,"sesame seed"
"2163",2163,1,"sesame seed"
"2164",2164,1,"sesame seed"
"2165",2165,1,"sesame seed"
"2166",2166,1,"sesame seed"
"2167",2167,0.990650475025177,"sesame seed"
"2168",2168,1,"sesame seed"
"2169",2169,0.516071438789368,"sesame seed"
"2170",2170,0.940178573131561,"sesame seed"
"2171",2171,1,"sesame seed"
"2172",2172,1,"sesame seed"
"2173",2173,1,"sesame seed"
"2174",2174,1,"sesame seed"
"2175",2175,0.87398374080658,"sesame seed"
"2176",2176,NA,"sesame seed"
"2177",2177,1,"sesame seed"
"2178",2178,1,"sesame seed"
"2179",2179,1,"sesame seed"
"2180",2180,1,"sesame seed"
"2181",2181,1,"sesame seed"
"2182",2182,1,"sesame seed"
"2183",2183,1,"sesame seed"
